Name,Inventory Icon,Inventory Icon (Altered),Caption,Equip Slot,Object Map Link,Source 1,Source 2,Repurchase Shop,Buy Price (Rupees),Buy Price (Poes),Sell Price (Base),Sell Price ★,Sell Price ★★,Sell Price ★★★,Sell Price ★★★★,Effect,Effect Icon,Hidden Effect,Set Bonus,Hidden Set Bonus,Dyeable,Defense (Base),Defense ★,Defense ★★,Defense ★★★,Defense ★★★★,Upgrade Material ★ (1),Upgrade Material Quantity ★ (1),Upgrade Material ★ (2),Upgrade Material Quantity ★ (2),Upgrade Material ★ (3),Upgrade Material Quantity ★ (3),Upgrade Material ★★ (1),Upgrade Material Quantity ★★ (1),Upgrade Material ★★ (2),Upgrade Material Quantity ★★ (2),Upgrade Material ★★ (3),Upgrade Material Quantity ★★ (3),Upgrade Material ★★★ (1),Upgrade Material Quantity ★★★ (1),Upgrade Material ★★★ (2),Upgrade Material Quantity ★★★ (2),Upgrade Material ★★★ (3),Upgrade Material Quantity ★★★ (3),Upgrade Material ★★★★ (1),Upgrade Material Quantity ★★★★ (1),Upgrade Material ★★★★ (2),Upgrade Material Quantity ★★★★ (2),Upgrade Material ★★★★ (3),Upgrade Material Quantity ★★★★ (3),Name (Japanese),Caption (Japanese),ActorName (Base),ActorName ★,ActorName ★★,ActorName ★★★,ActorName ★★★★,ActorName (Base) [Altered],Set (Internal),Inventory Order (By body part),Inventory Order (By set)
Archaic Tunic,,-,"Old-fashioned upper-body wear. It's got some
holes, but the soft cloth feels good to the
touch. It's hard to keep it wrinkle-free.",Body,Archaic Tunic,Treasure Chest (Great Sky Island),-,Cece (Ventest Clothing Boutique),50,-,15,-,-,-,-,-,-,-,-,-,TRUE,1,-,-,-,-,-,-,-,-,-,-,-,-,-,-,-,-,-,-,-,-,-,-,-,-,-,-,-,-,古びたトーガ,"古めかしい様式の上着
綻びはあるが さらりとした肌触りが心地よい
シワを整えるのが 難しい",Armor_1043_Upper,-,-,-,-,-,OldWear,060,001
Archaic Legwear,,-,"Simple, classic legwear. They're well-worn
and showing their age, but they've still got a
few good years left in them. It can be a bit
cumbersome to have to tie the straps.",Legs,Archaic Legwear,Treasure Chest (Great Sky Island),-,Cece (Ventest Clothing Boutique),50,-,15,-,-,-,-,-,-,-,-,-,TRUE,1,-,-,-,-,-,-,-,-,-,-,-,-,-,-,-,-,-,-,-,-,-,-,-,-,-,-,-,-,古びた下履き,"簡素で古風な履物
年月を感じる傷みはあるが まだ十分履ける
サンダルの紐を結ぶのが 少し大変",Armor_1043_Lower,-,-,-,-,-,OldWear,098,002
Archaic Warm Greaves,,-,"Warm greaves believed to be from a very long
time ago. Despite the old look, the heat-
retaining material makes it pleasantly resistant
to cold temperatures.",Legs,Archaic Warm Greaves,Treasure Chest (Great Sky Island),-,Cece (Ventest Clothing Boutique),80,-,20,-,-,-,-,-,-,-,-,-,TRUE,2,-,-,-,-,-,-,-,-,-,-,-,-,-,-,-,-,-,-,-,-,-,-,-,-,-,-,-,-,古びた防寒着,"かなり昔に作られたと思われる防寒着
古びてはいるが 保温性の高い生地のおかげで
ある程度の寒さにならば 十分耐えられる",Armor_1044_Lower,-,-,-,-,-,OldWear,099,003
Hylian Hood,,,"A hood woven using traditional Hyrulean
methods. It's made from a sturdy material
to protect travelers from the harsh
sun and weather.",Head,Hylian Hood,Armor Shop (Lookout Landing),Armor Shop (Ventest Clothing Boutique),-,70,-,15,65,165,365,865,-,-,-,-,-,TRUE,3,5,8,12,20,Bokoblin Horn,5,-,-,-,-,Blue Bokoblin Horn,5,Bokoblin Fang,3,-,-,Black Bokoblin Horn,5,Bokoblin Guts,3,Amber,20,Silver Bokoblin Horn,5,Bokoblin Guts,5,Amber,30,ハイリアのフード,"ハイラルの伝統的な製法で織られた
丈夫な布で作られたフード 雨風や強い日差しから
頭を守るために 旅人に愛用されている",Armor_001_Head,Armor_002_Head,Armor_003_Head,Armor_004_Head,Armor_015_Head,Armor_1152_Head,Hylia,001,004
Hylian Tunic,,-,"A common garb that achieved widespread
popularity in Hyrule, particularly among
travelers. Its light-yet-sturdy fabric doesn't
limit movement.",Body,Hylian Tunic,Armor Shop (Lookout Landing),Armor Shop (Ventest Clothing Boutique),-,130,-,35,85,185,385,885,-,-,-,-,-,TRUE,3,5,8,12,20,Bokoblin Horn,5,-,-,-,-,Blue Bokoblin Horn,5,Bokoblin Fang,3,-,-,Black Bokoblin Horn,5,Bokoblin Guts,3,Amber,20,Silver Bokoblin Horn,5,Bokoblin Guts,5,Amber,30,ハイリアの服,"ハイラルで広く親しまれている 一般的な装束
軽くて丈夫な布で作られているので 動きやすい
旅人の中にも 身に着けている者が多い",Armor_001_Upper,Armor_002_Upper,Armor_003_Upper,Armor_004_Upper,Armor_015_Upper,-,Hylia,061,005
Hylian Trousers,,-,"Traditional dress trousers of Hyrule.
The plush fabric makes these trousers
quite comfortable, and their high durability
makes them ideal for travelers.",Legs,Hylian Trousers,Armor Shop (Lookout Landing),Armor Shop (Ventest Clothing Boutique),-,120,-,30,80,180,380,880,-,-,-,-,-,TRUE,3,5,8,12,20,Bokoblin Horn,5,-,-,-,-,Blue Bokoblin Horn,5,Bokoblin Fang,3,-,-,Black Bokoblin Horn,5,Bokoblin Guts,3,Amber,20,Silver Bokoblin Horn,5,Bokoblin Guts,5,Amber,30,ハイリアのズボン,"ハイラルで広く親しまれている 一般的なズボン
柔らかな布で作られており 心地が良い
作りは丈夫なので 旅の装束としても人気",Armor_001_Lower,Armor_002_Lower,Armor_003_Lower,Armor_004_Lower,Armor_015_Lower,-,Hylia,100,006
Soldier's Helm,,-,"Headgear made from sturdy metals for
frontline soldiers. Praised for their defensive
capabilities, the only helms that remain are
those that survived the Calamity.",Head,Soldier's Helm,Treasure Chest (Royal Hidden Passage),-,Cece (Ventest Clothing Boutique),180,-,45,95,195,395,895,-,-,-,-,-,TRUE,4,7,12,18,28,Chuchu Jelly,5,Bokoblin Guts,3,-,-,Keese Eyeball,5,Moblin Guts,3,-,-,Lizalfos Tail,3,Hinox Guts,3,Flint,30,Lynel Hoof,5,Lynel Guts,5,Amber,30,ハイリア兵の兜,"最前線で戦う兵士のための兜
金属製のしっかりした作りで 高い防御力が特徴
現存する物は 大厄災時の破損を免れたものである",Armor_020_Head,Armor_095_Head,Armor_096_Head,Armor_097_Head,Armor_098_Head,-,HyliaArmor,002,007
Soldier's Armor,,-,"Hyrulean guards praised this armor for its
superior defense. Made from sturdy plates of
metal, the high level of craftsmanship that 
went into it is obvious with just a glance.",Body,Soldier's Armor,Treasure Chest (Royal Hidden Passage),-,Cece (Ventest Clothing Boutique),250,-,65,115,215,415,915,-,-,-,-,-,TRUE,4,7,12,18,28,Chuchu Jelly,5,Bokoblin Guts,3,-,-,Keese Eyeball,5,Moblin Guts,3,-,-,Lizalfos Tail,3,Hinox Guts,3,Flint,30,Lynel Hoof,5,Lynel Guts,5,Amber,30,ハイリア兵の鎧,"ハイリア人兵士が 装備していた鎧
金属の板を加工して作られ 高い防御力が特徴
丈夫な装甲からは 職人の高い技術が見て取れる",Armor_020_Upper,Armor_095_Upper,Armor_096_Upper,Armor_097_Upper,Armor_098_Upper,-,HyliaArmor,062,008
Soldier's Greaves,,-,"Hyrulean guards favored these greaves.
They owe their distinctly high defense to
the metal plates they're made from, but the
added weight takes some getting used to.",Legs,Soldier's Greaves,Treasure Chest (Royal Hidden Passage),-,Cece (Ventest Clothing Boutique),200,-,50,70,100,140,265,-,-,-,-,-,TRUE,4,7,12,18,28,Chuchu Jelly,5,Bokoblin Guts,3,-,-,Keese Eyeball,5,Moblin Guts,3,-,-,Lizalfos Tail,3,Hinox Guts,3,Flint,30,Lynel Hoof,5,Lynel Guts,5,Amber,30,ハイリア兵のすねあて,"ハイリア人兵士が 装備していたすねあて
丈夫な金属を加工して作られ 高い防御力が特徴
重量があるので 装備して走るのには慣れが必要",Armor_020_Lower,Armor_095_Lower,Armor_096_Lower,Armor_097_Lower,Armor_098_Lower,-,HyliaArmor,101,009
Snowquill Headdress,,-,"A Rito accessory made from snow-bird
feathers. It's adorned with a ruby, a gem
that harnesses the power of fire to make
cold climates more tolerable.",Head,Snowquill Headdress,Armor Shop (Brazen Beak),-,-,650,-,150,200,300,500,1000,Cold Resistance,,-,Unfreezable,-,TRUE,3,5,8,12,20,Red Chuchu Jelly,3,-,-,-,-,Red Chuchu Jelly,5,Warm Safflina,3,-,-,Fire Keese Wing,5,Fire-Breath Lizalfos Tail,3,Sunshroom,5,Fire-Breath Lizalfos Horn,5,Fire-Breath Lizalfos Tail,10,Ruby,5,雪よけの羽飾り,"雪鳥の上質な羽と 炎の力を宿した宝石である
ルビーがあしらわれた リト族の羽飾り
身に着けると 寒さに強くなる効果がある",Armor_009_Head,Armor_036_Head,Armor_071_Head,Armor_072_Head,Armor_073_Head,-,Rito,003,010
Snowquill Tunic,,-,"Lined with molted Rito feathers, this tunic
was made by Rito artisans for Hylians visiting
cold climates. The feathers are stacked in
each layer to retain body heat.",Body,Snowquill Tunic,Armor Shop (Brazen Beak),-,Armor Shop (Lookout Landing),500,-,140,190,290,490,990,Cold Resistance,,-,Unfreezable,-,TRUE,3,5,8,12,20,Red Chuchu Jelly,3,-,-,-,-,Red Chuchu Jelly,5,Warm Safflina,3,-,-,Fire Keese Wing,5,Fire-Breath Lizalfos Tail,3,Sunshroom,5,Fire-Breath Lizalfos Horn,5,Fire-Breath Lizalfos Tail,10,Ruby,5,リトの羽毛服,"タバンタやヘブラを訪れる ハイリア人のために
リト族の生え替わりの羽を使って作られた服
羽毛を幾層にも重ねており 保温性に優れる",Armor_009_Upper,Armor_036_Upper,Armor_071_Upper,Armor_072_Upper,Armor_073_Upper,-,Rito,063,011
Snowquill Trousers,,-,"The Rito sell these trousers to Hylians
in Rito Village. The inside is lined with
Rito feathers, so they excel at retaining
body heat.",Legs,Snowquill Trousers,Armor Shop (Brazen Beak),-,-,1000,-,250,255,260,280,630,Cold Resistance,,-,Unfreezable,-,TRUE,3,5,8,12,20,Red Chuchu Jelly,3,-,-,-,-,Red Chuchu Jelly,5,Warm Safflina,3,-,-,Fire Keese Wing,5,Fire-Breath Lizalfos Tail,3,Sunshroom,5,Fire-Breath Lizalfos Horn,5,Fire-Breath Lizalfos Tail,10,Ruby,5,リトの羽毛ズボン,"リト族の生え替わりの羽を使って作られたズボン
布の内側に羽毛が仕込まれており 保温性に優れる
リトの村でハイリア人向けに販売されている",Armor_009_Lower,Armor_036_Lower,Armor_071_Lower,Armor_072_Lower,Armor_073_Lower,-,Rito,102,012
Flamebreaker Helm,,-,"Stone headgear made by Goron craftsmen
to protect tourists visiting Goron City. As if its
flame resistance isn't enough of a selling
point, it also covers your entire head!",Head,Flamebreaker Helm,Armor Shop (Goron City),-,-,1400,-,350,400,500,700,1200,Flame Guard,,-,Fireproof,-,TRUE,3,5,8,12,20,Moblin Horn,3,-,-,-,-,Moblin Fang,5,Fireproof Lizard,5,-,-,Blue Moblin Horn,5,Smotherwing Butterfly,3,Flint,15,Black Moblin Horn,5,Smotherwing Butterfly,5,Flint,30,耐火の石兜,"ゴロンシティを訪れる観光客向けに
ゴロン族の職人が こしらえた石製の兜
頭をすっぽりと覆う作りで 耐火性能を持つ",Armor_011_Head,Armor_037_Head,Armor_074_Head,Armor_075_Head,Armor_076_Head,-,Goron,004,013
Flamebreaker Armor,,-,"Armor crafted by Gorons for Hylians curious
enough to visit Goron City. It's made from
fire-resistant rocks to protect the wearer.",Body,Flamebreaker Armor,Armor Shop (Goron City),Shop (YunoboCo HQ),Armor Shop (Lookout Landing),700,-,175,225,325,525,1025,Flame Guard,,-,Fireproof,-,TRUE,3,5,8,12,20,Moblin Horn,3,-,-,-,-,Moblin Fang,5,Fireproof Lizard,5,-,-,Blue Moblin Horn,5,Smotherwing Butterfly,3,Flint,15,Black Moblin Horn,5,Smotherwing Butterfly,5,Flint,30,耐火の石鎧,"ゴロンシティまで旅をしてくる 物好きな人間の
ためにゴロン族がこしらえた鎧  石を加工して
作られているので 耐火性能を持っている",Armor_011_Upper,Armor_037_Upper,Armor_074_Upper,Armor_075_Upper,Armor_076_Upper,-,Goron,064,014
Flamebreaker Boots,,-,"Goron artisans used flame-resistant rocks to
craft these fireproof boots for curious Hylians
visiting Goron City.",Legs,Flamebreaker Boots,Armor Shop (Goron City),-,-,1200,-,300,305,320,345,400,Flame Guard,,-,Fireproof,-,TRUE,3,5,8,12,20,Moblin Horn,3,-,-,-,-,Moblin Fang,5,Fireproof Lizard,5,-,-,Blue Moblin Horn,5,Smotherwing Butterfly,3,Flint,15,Black Moblin Horn,5,Smotherwing Butterfly,5,Flint,30,耐火の石靴,"ゴロンシティを訪れるハイリア人のために
ゴロン族の職人がこしらえた靴  石を中心に
燃えない素材で作られており 耐火性能を持つ",Armor_011_Lower,Armor_037_Lower,Armor_074_Lower,Armor_075_Lower,Armor_076_Lower,-,Goron,103,015
Zora Helm,,-,"Zora headgear made from dragon scales.
Increases swimming speed and allows you
to spin to attack while swimming.",Head,Zora Helm,Treasure Chest (Floating Scales Island),-,-,-,-,-,-,-,-,-,Swim Speed Up,,Swim Spin Attack,Swim Dash Stamina Up,-,TRUE,3,5,8,12,20,Lizalfos Horn,3,-,-,-,-,Lizalfos Talon,5,Hyrule Bass,5,-,-,Blue Lizalfos Horn,5,Lizalfos Tail,3,Hearty Bass,3,Black Lizalfos Horn,5,Blue Lizalfos Tail,5,Opal,20,ゾーラの兜,"ゾーラ族に古くから伝わる兜 素材に龍の鱗が
使われているといわれ 泳ぎの速度が上昇する
泳ぎ中にスピンアタックも可能となる",Armor_006_Head,Armor_007_Head,Armor_062_Head,Armor_063_Head,Armor_064_Head,-,Zora,005,016
Zora Armor,,-,"Armor crafted by a past Zora princess for her
future husband. Wearing it would allow even a
Hylian to swim up waterfalls.",Body,Zora Armor,Restoring the Zora Armor,-,-,-,-,-,-,-,-,-,Swim Speed Up,,Waterfall Dash,Swim Dash Stamina Up,-,TRUE,3,5,8,12,20,Lizalfos Horn,3,-,-,-,-,Lizalfos Talon,5,Hyrule Bass,5,-,-,Blue Lizalfos Horn,5,Lizalfos Tail,3,Hearty Bass,3,Black Lizalfos Horn,5,Blue Lizalfos Tail,5,Opal,20,ゾーラの鎧,"今は亡き ゾーラ族の王女の想いが込められた鎧
これを身に付ければ ハイリア人でも
滝をさかのぼる事が できるようになる",Armor_006_Upper,Armor_007_Upper,Armor_062_Upper,Armor_063_Upper,Armor_064_Upper,-,Zora,065,017
Zora Greaves,,-,"These greaves have been passed down
among the Zora for generations. It's been
said they're crafted using dragon scales.
Equip them to swim faster.",Legs,Zora Greaves,Treasure Chest (Ancient Zora Waterworks),-,-,-,-,-,-,-,-,-,Swim Speed Up,,-,Swim Dash Stamina Up,-,TRUE,3,5,8,12,20,Lizalfos Horn,3,-,-,-,-,Lizalfos Talon,5,Hyrule Bass,5,-,-,Blue Lizalfos Horn,5,Lizalfos Tail,3,Hearty Bass,3,Black Lizalfos Horn,5,Blue Lizalfos Tail,5,Opal,20,ゾーラのすねあて,"ゾーラ族に代々伝わる すねあて
龍の鱗が素材として使われているといわれ
装備すると 泳ぎが速くなる効果を発揮する",Armor_006_Lower,Armor_007_Lower,Armor_062_Lower,Armor_063_Lower,Armor_064_Lower,-,Zora,104,018
Desert Voe Headband,,-,"Gerudo armor for males. Contains sapphire,
which harnesses the power of ice to make
the heat more bearable.",Head,Desert Voe Headband,Armor Shop (Kara Kara Bazaar),-,-,450,-,115,165,265,465,965,Heat Resistance,,-,Shock Damage Resist,-,TRUE,3,5,8,12,20,White Chuchu Jelly,3,-,-,-,-,White Chuchu Jelly,5,Cool Safflina,3,-,-,Ice Keese Wing,5,Ice-Breath Lizalfos Tail,3,Chillshroom,5,Ice-Breath Lizalfos Horn,5,Ice-Breath Lizalfos Tail,10,Sapphire,5,熱砂の鉢がね,"ゲルド地方では珍しい 男性用の防具
額に嵌められたサファイアは
氷の力を宿し その加護により耐暑効果を発揮する",Armor_008_Head,Armor_040_Head,Armor_065_Head,Armor_066_Head,Armor_067_Head,-,Gerudo,006,019
Desert Voe Spaulder,,-,"Armor for males sold rarely by Gerudo
retailers. It contains sapphire,
which harnesses the power of ice to
make hot climates more tolerable.",Body,Desert Voe Spaulder,Shop (Gerudo Secret Club),-,-,1300,-,325,375,475,675,1175,Heat Resistance,,-,Shock Damage Resist,-,TRUE,3,5,8,12,20,White Chuchu Jelly,3,-,-,-,-,White Chuchu Jelly,5,Cool Safflina,3,-,-,Ice Keese Wing,5,Ice-Breath Lizalfos Tail,3,Chillshroom,5,Ice-Breath Lizalfos Horn,5,Ice-Breath Lizalfos Tail,10,Sapphire,5,熱砂の肩当て,"ゲルド秘密クラブで 秘密裏に販売されている
男性用の防具  氷の力を宿すサファイアの
加護により 装備すると耐暑効果を発揮する",Armor_008_Upper,Armor_040_Upper,Armor_065_Upper,Armor_066_Upper,Armor_067_Upper,-,Gerudo,066,020
Desert Voe Trousers,,-,"Gerudo-made trousers for males sold rarely
by Gerudo retailers. Sapphire is used in
their creation, which harnesses the power
of ice to make the heat more tolerable.",Legs,Desert Voe Trousers,Shop (Gerudo Secret Club),-,-,650,-,165,170,175,215,630,Heat Resistance,,-,Shock Damage Resist,-,TRUE,3,5,8,12,20,White Chuchu Jelly,3,-,-,-,-,White Chuchu Jelly,5,Cool Safflina,3,-,-,Ice Keese Wing,5,Ice-Breath Lizalfos Tail,3,Chillshroom,5,Ice-Breath Lizalfos Horn,5,Ice-Breath Lizalfos Tail,10,Sapphire,5,熱砂のズボン,"ゲルド秘密クラブで密かに売られている
男性用のズボン  氷の力を宿すサファイアが
使われており その加護により耐暑効果を発揮する",Armor_008_Lower,Armor_040_Lower,Armor_065_Lower,Armor_066_Lower,Armor_067_Lower,-,Gerudo,105,021
Rubber Helm,,-,"A helmet made from ancient techniques and
electricity-resistant material. It's made from
something called ""rubber,"" a material that
can no longer be found.",Head,Rubber Helm,Treasure Chest (Sarjon Cave),-,Cece (Ventest Clothing Boutique),4000,-,600,650,750,950,1450,Shock Resistance,,-,Lightning Proof,-,TRUE,3,5,8,12,20,Electric Lizalfos Horn,1,Yellow Chuchu Jelly,3,-,-,Yellow Chuchu Jelly,8,Voltfruit,5,-,-,Zapshroom,5,Electric Lizalfos Tail,5,Electric Safflina,8,Electric Lizalfos Horn,5,Topaz,5,Electric Lizalfos Tail,8,ラバーキャップ,"古代の技術で作られた 耐電性能を持つ帽子
現代では失われた ゴムという電気を通しにくい
特殊な素材で作られているらしい",Armor_046_Head,Armor_103_Head,Armor_104_Head,Armor_105_Head,Armor_106_Head,-,Rubber,007,022
Rubber Armor,,-,"This armor has built-in electricity resistance
thanks to its source material—an ancient
marvel called ""rubber."" Such technology
does not exist in this modern age.",Body,Rubber Armor,Treasure Chest (Whistling Hill Cave),-,Cece (Ventest Clothing Boutique),4000,-,600,650,750,950,1450,Shock Resistance,,-,Lightning Proof,-,TRUE,3,5,8,12,20,Electric Lizalfos Horn,1,Yellow Chuchu Jelly,3,-,-,Yellow Chuchu Jelly,8,Voltfruit,5,-,-,Zapshroom,5,Electric Lizalfos Tail,5,Electric Safflina,8,Electric Lizalfos Horn,5,Topaz,5,Electric Lizalfos Tail,8,ラバースーツ,"耐電性能を持つ 貴重なスーツ
現代にはないゴムという古代技術を生かした
特殊な素材で身体を覆うように作られている",Armor_046_Upper,Armor_103_Upper,Armor_104_Upper,Armor_105_Upper,Armor_106_Upper,-,Rubber,067,023
Rubber Tights,,-,"These invaluable tights are resistant to
electricity. They're made with something
called ""rubber,"" an ancient technology
that no longer exists in this modern age.",Legs,Rubber Tights,Treasure Chest (Horon Lagoon Cave),-,Cece (Ventest Clothing Boutique),4000,-,600,600,610,640,960,Shock Resistance,,-,Lightning Proof,-,TRUE,3,5,8,12,20,Electric Lizalfos Horn,1,Yellow Chuchu Jelly,3,-,-,Yellow Chuchu Jelly,8,Voltfruit,5,-,-,Zapshroom,5,Electric Lizalfos Tail,5,Electric Safflina,8,Electric Lizalfos Horn,5,Topaz,5,Electric Lizalfos Tail,8,ラバータイツ,"耐電性能を持つ 貴重なタイツ
古代技術を用いたゴムという素材で
出来ており 現代では作る事ができない",Armor_046_Lower,Armor_103_Lower,Armor_104_Lower,Armor_105_Lower,Armor_106_Lower,-,Rubber,106,024
Stealth Mask,,-,"It may look like a regular cloth mask, but it
was made using Sheikah crafting techniques
to suppress the noisy rustling of clothes.
Perfect for sneaking about.",Head,Stealth Mask,Armor Shop (Enchanted),-,-,500,-,125,175,275,475,975,Stealth Up,,-,Night Speed Up,-,TRUE,2,4,6,9,16,Blue Nightshade,3,-,-,-,-,Blue Nightshade,5,Sunset Firefly,5,-,-,Silent Shroom,8,Sneaky River Snail,5,Sticky Frog,5,Stealthfin Trout,10,Silent Princess,5,Sundelion,10,忍びマスク,"普通の布製マスクに見えるが 
実はシーカー族の技術で 衣擦れの音を徹底して
抑える工夫が施されている 隠密行動に最適",Armor_012_Head,Armor_042_Head,Armor_077_Head,Armor_078_Head,Armor_079_Head,-,Sheikah,008,025
Stealth Chest Guard,,-,"Armor designed for stealth, passed down
through the Sheikah tribe. The special fabrics
suppress the rustling of clothes even when
moving quickly.",Body,Stealth Chest Guard,Armor Shop (Enchanted),-,Armor Shop (Lookout Landing),700,-,175,225,325,525,1025,Stealth Up,,-,Night Speed Up,-,TRUE,2,4,6,9,16,Blue Nightshade,3,-,-,-,-,Blue Nightshade,5,Sunset Firefly,5,-,-,Silent Shroom,8,Sneaky River Snail,5,Sticky Frog,5,Stealthfin Trout,10,Silent Princess,5,Sundelion,10,忍びスーツ,"シーカー族に伝わる隠密用のスーツ
衣擦れの音が立ちにくい素材を使っており
素早く動いても 雑音が立ちにくい",Armor_012_Upper,Armor_042_Upper,Armor_077_Upper,Armor_078_Upper,Armor_079_Upper,-,Sheikah,068,026
Stealth Tights,,-,"Members of the Sheikah tribe wear these
tights when they need to move stealthily.
They're made from noise-suppressing cloth,
a hallmark of ancient Sheikah technology.",Legs,Stealth Tights,Armor Shop (Enchanted),-,-,600,-,150,155,160,175,250,Stealth Up,,-,Night Speed Up,-,TRUE,2,4,6,9,16,Blue Nightshade,3,-,-,-,-,Blue Nightshade,5,Sunset Firefly,5,-,-,Silent Shroom,8,Sneaky River Snail,5,Sticky Frog,5,Stealthfin Trout,10,Silent Princess,5,Sundelion,10,忍びタイツ,"シーカー族が隠密行動時に使うタイツ
衣擦れの音を極力抑えるよう 
古代の技術を使った布で作られている",Armor_012_Lower,Armor_042_Lower,Armor_077_Lower,Armor_078_Lower,Armor_079_Lower,-,Sheikah,107,027
Climber's Bandanna,,-,"It may look like a regular bandanna, but it's
actually infused with ancient technology that
enhances core strength to improve your
climbing ability.",Head,Climber's Bandanna,Treasure Chest (Ploymus Mountain Cave),-,Cece (Ventest Clothing Boutique),800,-,200,250,350,550,1050,Climb Speed Up,,-,Climbing Jump Stamina Up,-,TRUE,3,5,8,12,20,Keese Wing,3,Rushroom,3,-,-,Electric Keese Wing,5,Hightail Lizard,5,-,-,Ice Keese Wing,8,Hot-Footed Frog,10,-,-,Fire Keese Wing,10,Swift Violet,20,-,-,クライムバンダナ,"見た目はただのバンダナだが 実は古代の技術が
用いられており 着用した者の体幹バランスを
調整して 壁をのぼる力を向上してくれる",Armor_014_Head,Armor_083_Head,Armor_084_Head,Armor_085_Head,Armor_086_Head,-,Climb,009,028
Climbing Gear,,-,"The ancient technology in this gear will
make you a better climber. The special
no-slip glove helps you use your energy
more efficiently to facilitate nimble climbing.",Body,Climbing Gear,Treasure Chest (North Hyrule Plain Cave),-,Cece (Ventest Clothing Boutique),700,-,175,225,325,525,1025,Climb Speed Up,,-,Climbing Jump Stamina Up,-,TRUE,3,5,8,12,20,Keese Wing,3,Rushroom,3,-,-,Electric Keese Wing,5,Hightail Lizard,5,-,-,Ice Keese Wing,8,Hot-Footed Frog,10,-,-,Fire Keese Wing,10,Swift Violet,20,-,-,クライムグローブ,"古代の技術が使われた 壁登り用グローブ
指先が滑りにくく 力を込めやすくなる性能を
持つため 軽快に崖を登る事ができるようになる",Armor_014_Upper,Armor_083_Upper,Armor_084_Upper,Armor_085_Upper,Armor_086_Upper,-,Climb,069,029
Climbing Boots,,-,"These rock-climbing boots have special
no-slip toes that help you cling to walls.
This ancient technology facilitates more
nimble climbing.",Legs,Climbing Boots,Treasure Chest (Upland Zorana Byroad),-,Cece (Ventest Clothing Boutique),600,-,150,605,610,620,645,Climb Speed Up,,-,Climbing Jump Stamina Up,-,TRUE,3,5,8,12,20,Keese Wing,3,Rushroom,3,-,-,Electric Keese Wing,5,Hightail Lizard,5,-,-,Ice Keese Wing,8,Hot-Footed Frog,10,-,-,Fire Keese Wing,10,Swift Violet,20,-,-,クライムシューズ,"古代の技術が用いられた 壁登り用の靴
足先に滑りにくい素材が使われており 壁面を
しっかりと捉える事で 崖を速く登る事ができる",Armor_014_Lower,Armor_083_Lower,Armor_084_Lower,Armor_085_Lower,Armor_086_Lower,-,Climb,108,030
Barbarian Helm,,-,"A helmet once worn by the warriors of an
ancient warlike tribe from the Faron region.
Wearing it draws out your inner animal,
increasing your strength and battle prowess.",Head,Barbarian Helm,Treasure Chest (Robred Dropoff Cave),-,Cece (Ventest Clothing Boutique),4000,-,600,650,750,950,1450,Attack Up,,-,Charge Atk. Stamina Up,-,TRUE,3,5,8,12,20,Mighty Thistle,3,-,-,-,-,Lynel Saber Horn,2,Lynel Mace Horn,2,Razorshroom,5,Blue-Maned Lynel Saber Horn,3,Blue-Maned Lynel Mace Horn,3,Razorclaw Crab,3,White-Maned Lynel Saber Horn,3,White-Maned Lynel Mace Horn,3,Bladed Rhino Beetle,3,蛮族の兜,"太古のフィローネ地方に住んでいたといわれる
戦闘部族の兜 刻まれている古の文様は
被る者の精神を高揚させ 攻撃力が増加する",Armor_048_Head,Armor_111_Head,Armor_112_Head,Armor_113_Head,Armor_114_Head,-,Power,010,031
Barbarian Armor,,-,"Armor once favored by an ancient warlike
tribe from the Faron region. The war paint
bolsters your fighting spirit and raises
your attack power.",Body,Barbarian Armor,Treasure Chest (Crenel Hills Cave),-,Cece (Ventest Clothing Boutique),4000,-,600,650,750,950,1450,Attack Up,,-,Charge Atk. Stamina Up,-,TRUE,3,5,8,12,20,Mighty Thistle,3,-,-,-,-,Lynel Saber Horn,2,Lynel Mace Horn,2,Razorshroom,5,Blue-Maned Lynel Saber Horn,3,Blue-Maned Lynel Mace Horn,3,Razorclaw Crab,3,White-Maned Lynel Saber Horn,3,White-Maned Lynel Mace Horn,3,Bladed Rhino Beetle,3,蛮族の服,"はるか昔 フィローネ地方を拠点にしたといわれる
戦闘部族の服 身に着けると刻まれている特殊な
文様によって闘争心が湧き 攻撃力が増加する",Armor_048_Upper,Armor_111_Upper,Armor_112_Upper,Armor_113_Upper,Armor_114_Upper,-,Power,070,032
Barbarian Leg Wraps,,-,"These leg wraps were favored by a warlike
tribe from the Faron region long ago. They're
adorned with traditional markings that bolster
your fighting spirit to raise your attack power.",Legs,Barbarian Leg Wraps,Treasure Chest (Walnot Mountain Cave),-,Cece (Ventest Clothing Boutique),4000,-,600,650,750,950,1450,Attack Up,,-,Charge Atk. Stamina Up,-,TRUE,3,5,8,12,20,Mighty Thistle,3,-,-,-,-,Lynel Saber Horn,2,Lynel Mace Horn,2,Razorshroom,5,Blue-Maned Lynel Saber Horn,3,Blue-Maned Lynel Mace Horn,3,Razorclaw Crab,3,White-Maned Lynel Saber Horn,3,White-Maned Lynel Mace Horn,3,Bladed Rhino Beetle,3,蛮族の腰巻き,"大昔にフィローネ地方にいたといわれる
戦闘部族の腰巻き 身に着けた者は施された特殊な
文様により闘争心が湧いて 攻撃力が増加する",Armor_048_Lower,Armor_111_Lower,Armor_112_Lower,Armor_113_Lower,Armor_114_Lower,-,Power,109,033
Radiant Mask,,-,"A mask painted with dye made from crushed
luminous stones. Its bone-like patterns give
off a lurid, mysterious glow in the dark.",Head,Radiant Mask,Armor Shop (Enchanted),-,-,800,-,200,250,350,550,1050,-,-,Night Glow,Disguise; Bone Weap. Prof.,-,TRUE,3,5,8,12,20,Luminous Stone,10,Bokoblin Guts,1,-,-,Luminous Stone,15,Moblin Guts,2,-,-,Luminous Stone,20,Horriblin Guts,3,Gibdo Bone,10,Luminous Stone,30,Lynel Guts,3,Molduga Jaw,3,夜光マスク,"夜光石を原料とする 珍しい染料で
骨の柄のペイントを施したマスク
暗闇ではぼんやりと発光し 怪しさ満点",Armor_017_Head,Armor_087_Head,Armor_088_Head,Armor_089_Head,Armor_090_Head,-,NightGlow,011,034
Radiant Shirt,,-,"The paint on this shirt is made from crushed
luminous stones. It causes the shirt to show a
glowing bone-like pattern in the dark.",Body,Radiant Shirt,Armor Shop (Enchanted),-,Armor Shop (Lookout Landing),800,-,200,250,350,550,1050,-,-,Night Glow,Disguise; Bone Weap. Prof.,-,TRUE,3,5,8,12,20,Luminous Stone,10,Bokoblin Guts,1,-,-,Luminous Stone,15,Moblin Guts,2,-,-,Luminous Stone,20,Horriblin Guts,3,Gibdo Bone,10,Luminous Stone,30,Lynel Guts,3,Molduga Jaw,3,夜光スーツ,"夜光石を用いた染料で ペイントが施されたスーツ
一見 何の変哲もないようだが 暗闇の中でだけ
染料が光り 骨の柄が浮かび上がる仕組み",Armor_017_Upper,Armor_087_Upper,Armor_088_Upper,Armor_089_Upper,Armor_090_Upper,-,NightGlow,071,035
Radiant Tights,,-,"The paint on these tights is made from
crushed luminous stones. It causes the
tights to show a glowing bone-like pattern
in the dark.",Legs,Radiant Tights,Armor Shop (Enchanted),-,-,800,-,200,250,350,550,1050,-,-,Night Glow,Disguise; Bone Weap. Prof.,-,TRUE,3,5,8,12,20,Luminous Stone,10,Bokoblin Guts,1,-,-,Luminous Stone,15,Moblin Guts,2,-,-,Luminous Stone,20,Horriblin Guts,3,Gibdo Bone,10,Luminous Stone,30,Lynel Guts,3,Molduga Jaw,3,夜光タイツ,"夜光石を砕いて作った特殊な染料で ペイントが
施されたタイツ 暗闇の中では怪しく光り
骨のような柄が 浮かび上がってくる",Armor_017_Lower,Armor_087_Lower,Armor_088_Lower,Armor_089_Lower,Armor_090_Lower,-,NightGlow,110,036
Royal Guard Cap,,-,"This spiffy cap is part of the uniform for
Hyrule's royal guard. It's lighter than
it looks and easy to move around in.
Recently reproduced and made available.",Head,Royal Guard Cap,Treasure Chest (Zelda’s Room),-,Cece (Ventest Clothing Boutique),4000,-,600,650,750,950,1450,-,-,-,Charge Atk. Stamina Up,-,FALSE,4,6,10,15,24,Boss Bokoblin Horn,3,Bokoblin Guts,3,-,-,Blue Boss Bokoblin Horn,3,Boss Bokoblin Guts,3,-,-,Black Boss Bokoblin Horn,3,Hinox Guts,3,-,-,Silver Boss Bokoblin Horn,3,Molduga Guts,3,Gleeok Guts,3,近衛兵の帽子,"ハイラル王国 近衛兵の正装とされる帽子
見た目よりも軽く 身に着けた者の動きを妨げない
最近 復刻され 一般に出回るようになった",Armor_179_Head,Armor_1146_Head,Armor_1147_Head,Armor_1148_Head,Armor_1149_Head,-,RoyalGuard,012,037
Royal Guard Uniform,,-,"The dignified uniform for Hyrule's royal
guard. It's made of lightweight materials
and is both stylish and practical. Recently
reproduced and made available.",Body,Royal Guard Uniform,Treasure Chest (Guard’s Chamber),Armor Shop (Ventest Clothing Boutique),-,2200,-,550,600,700,900,1400,-,-,-,Charge Atk. Stamina Up,-,FALSE,4,6,10,15,24,Boss Bokoblin Horn,3,Bokoblin Guts,3,-,-,Blue Boss Bokoblin Horn,3,Boss Bokoblin Guts,3,-,-,Black Boss Bokoblin Horn,3,Hinox Guts,3,-,-,Silver Boss Bokoblin Horn,3,Molduga Guts,3,Gleeok Guts,3,近衛兵の服,"ハイラル王国 近衛兵の正装とされる服
軽い素材を用い 見た目と実用性を兼ね備えている
最近 復刻され 一般に出回るようになった",Armor_179_Upper,Armor_1146_Upper,Armor_1147_Upper,Armor_1148_Upper,Armor_1149_Upper,-,RoyalGuard,072,038
Royal Guard Boots,,-,"These boots are part of the uniform for
Hyrule's royal guard. They're a fine blend
of style and function. Recently reproduced
and made available.",Legs,Royal Guard Boots,Treasure Chest (King’s Study),-,Cece (Ventest Clothing Boutique),4000,-,600,650,750,950,1450,-,-,-,Charge Atk. Stamina Up,-,FALSE,4,6,10,15,24,Boss Bokoblin Horn,3,Bokoblin Guts,3,-,-,Blue Boss Bokoblin Horn,3,Boss Bokoblin Guts,3,-,-,Black Boss Bokoblin Horn,3,Hinox Guts,3,-,-,Silver Boss Bokoblin Horn,3,Molduga Guts,3,Gleeok Guts,3,近衛兵のブーツ,"ハイラル王国 近衛兵の正装とされるブーツ
見た目だけでなく 動きやすさも兼ね備えたもの
最近 復刻され 一般に出回るようになった",Armor_179_Lower,Armor_1146_Lower,Armor_1147_Lower,Armor_1148_Lower,Armor_1149_Lower,-,RoyalGuard,111,039
Froggy Hood,,-,"A good hood for a rainy day. The perfectly
weighted headband keeps the wearer focused
and stabilized, making it easier to climb wet,
slippery surfaces.",Head,Froggy Hood,Potential Princess Sightings! (4 Stables),-,Cece (Ventest Clothing Boutique),4000,-,600,650,750,950,1450,Slip Resistance,,Moisturizing,Slip Proof,-,TRUE,3,5,8,12,20,Sticky Lizard,3,-,-,-,-,Horriblin Horn,5,Sticky Lizard,5,-,-,Blue Horriblin Horn,5,Sticky Frog,5,-,-,Black Horriblin Horn,5,Horriblin Guts,10,Opal,10,カワズの頭巾,"雨の多い地域で活動するのに適した頭巾
鉢がねが頭部のブレを抑え 重心を安定させるので
濡れて滑る壁面でも 登りやすくなる",Armor_1046_Head,Armor_1047_Head,Armor_1048_Head,Armor_1049_Head,Armor_1050_Head,-,NotSlippy,013,040
Froggy Sleeve,,-,"A good sleeve for a rainy day. Small dimples
on the fingers act as suction cups, giving
good grip on wet, slippery surfaces.",Body,Froggy Sleeve,Potential Princess Sightings! (9 Stables),-,Cece (Ventest Clothing Boutique),4000,-,600,650,750,950,1450,Slip Resistance,,Moisturizing,Slip Proof,-,TRUE,3,5,8,12,20,Sticky Lizard,3,-,-,-,-,Horriblin Horn,5,Sticky Lizard,5,-,-,Blue Horriblin Horn,5,Sticky Frog,5,-,-,Black Horriblin Horn,5,Horriblin Guts,10,Opal,10,カワズの手甲,"雨の多い地域で活動するのに適した手甲
指の腹に刻まれた細かな溝が 吸盤の役割を果たし
濡れた壁を登っても 滑り落ちにくい",Armor_1046_Upper,Armor_1047_Upper,Armor_1048_Upper,Armor_1049_Upper,Armor_1050_Upper,-,NotSlippy,073,041
Froggy Leggings,,-,"Good leggings for a rainy day. The feet are
covered in small dimples and treated with
an anti-slip substance, giving them great
traction on wet, slippery surfaces.",Legs,Froggy Leggings,Potential Princess Sightings! (12 Stables),-,Cece (Ventest Clothing Boutique),4000,-,600,650,750,950,1450,Slip Resistance,,Moisturizing,Slip Proof,-,TRUE,3,5,8,12,20,Sticky Lizard,3,-,-,-,-,Horriblin Horn,5,Sticky Lizard,5,-,-,Blue Horriblin Horn,5,Sticky Frog,5,-,-,Black Horriblin Horn,5,Horriblin Guts,10,Opal,10,カワズの足袋,"雨の多い地域で活動するのに適した足袋
底面には細かい溝がびっしりで 滑り止めの薬剤も
塗られているため 濡れた壁面でも滑りにくい",Armor_1046_Lower,Armor_1047_Lower,Armor_1048_Lower,Armor_1049_Lower,Armor_1050_Lower,-,NotSlippy,112,042
Glide Mask,,-,"A mask with a wind-resistant design that
allows for steadier gliding while the wearer
plummets from the sky.",Head,-,Dive Ceremony (Valor Island),-,Cece (Ventest Clothing Boutique),4000,-,600,650,750,950,1450,Skydive Mobility Up,,-,Impact Proof,-,TRUE,2,4,6,9,16,Keese Wing,3,-,-,-,-,Aerocuda Eyeball,6,Keese Wing,5,-,-,Aerocuda Wing,6,Aerocuda Eyeball,8,-,-,Gleeok Wing,12,Aerocuda Wing,10,Gibdo Wing,8,グライドマスク,"前方からの空気抵抗を下げるように
作られたマスク 整流効果によりダイビング中に
安定した滑空を可能とする",Armor_1006_Head,Armor_1007_Head,Armor_1008_Head,Armor_1009_Head,Armor_1010_Head,-,Diving,014,043
Glide Shirt,,-,"The cloth sewn to this shirt helps it ""catch""
air, increasing the wearer's ability to glide
while they plummet from the sky.",Body,-,Dive Ceremony (Courage Island),-,Cece (Ventest Clothing Boutique),4000,-,600,650,750,950,1450,Skydive Mobility Up,,-,Impact Proof,-,TRUE,2,4,6,9,16,Keese Wing,3,-,-,-,-,Aerocuda Eyeball,6,Keese Wing,5,-,-,Aerocuda Wing,6,Aerocuda Eyeball,8,-,-,Gleeok Wing,12,Aerocuda Wing,10,Gibdo Wing,8,グライドスーツ,"空気を捉えて揚力を得られるように
上半身の各所に布が張られたスーツ
ダイビング時の滑空性能を向上させる",Armor_1006_Upper,Armor_1007_Upper,Armor_1008_Upper,Armor_1009_Upper,Armor_1010_Upper,-,Diving,074,044
Glide Tights,,-,"The cloth sewn to these tights allows their
wearer to glide more easily as they plummet
from the sky.",Legs,-,Dive Ceremony (Bravery Island),-,Cece (Ventest Clothing Boutique),4000,-,600,650,750,950,1450,Skydive Mobility Up,,-,Impact Proof,-,TRUE,2,4,6,9,16,Keese Wing,3,-,-,-,-,Aerocuda Eyeball,6,Keese Wing,5,-,-,Aerocuda Wing,6,Aerocuda Eyeball,8,-,-,Gleeok Wing,12,Aerocuda Wing,10,Gibdo Wing,8,グライドタイツ,"下半身の各所に布を張ったタイツ
空気抵抗を上げる事で
ダイビングの際に滑空しやすくなる",Armor_1006_Lower,Armor_1007_Lower,Armor_1008_Lower,Armor_1009_Lower,Armor_1010_Lower,-,Diving,113,045
Hood of the Depths,,-,"A hood acquired by offering Poes to a strange
statue found in the Depths. Woven of
monstrous materials, it offers some resistance
to gloom.",Head,-,Bargainer Statue Shop (Find 6),-,-,-,300,600,650,750,950,1450,Gloom Resistance,,-,Gloom Attack Resist,-,TRUE,3,5,8,12,20,Deep Firefly,3,-,-,-,-,Frox Fang,3,Dark Clump,5,-,-,Obsidian Frox Fang,3,Zonaite,20,Frox Fingernail,3,Blue-White Frox Fang,5,Large Zonaite,10,Frox Guts,3,暗闇の頭巾,"奇妙な像にポゥを捧げる事で得られる頭巾
魔物に由来する素材が使われているようで
瘴気の影響を受けにくくなる特性を持つ",Armor_1141_Head,Armor_1142_Head,Armor_1143_Head,Armor_1144_Head,Armor_1145_Head,-,UnderGround,015,046
Tunic of the Depths,,-,"A tunic acquired by offering Poes to a strange
statue found in the Depths. Woven of
monstrous materials, it offers some resistance
to gloom.",Body,-,Bargainer Statue Shop (Find 2),-,-,-,150,600,650,750,950,1450,Gloom Resistance,,-,Gloom Attack Resist,-,TRUE,3,5,8,12,20,Deep Firefly,3,-,-,-,-,Frox Fang,3,Dark Clump,5,-,-,Obsidian Frox Fang,3,Zonaite,20,Frox Fingernail,3,Blue-White Frox Fang,5,Large Zonaite,10,Frox Guts,3,暗闇の衣,"奇妙な像にポゥを捧げる事で得られる衣
魔物の素材を織り込んだ生地の効能により
瘴気の影響を少しだけ防ぐ事ができる",Armor_1141_Upper,Armor_1142_Upper,Armor_1143_Upper,Armor_1144_Upper,Armor_1145_Upper,-,UnderGround,075,047
Gaiters of the Depths,,-,"Gaiters acquired by offering Poes to a
strange statue found in the Depths.
Woven of monstrous materials, they
offer some resistance to gloom.",Legs,-,Bargainer Statue Shop (Find 4),-,-,-,200,600,650,750,950,1450,Gloom Resistance,,-,Gloom Attack Resist,-,TRUE,3,5,8,12,20,Deep Firefly,3,-,-,-,-,Frox Fang,3,Dark Clump,5,-,-,Obsidian Frox Fang,3,Zonaite,20,Frox Fingernail,3,Blue-White Frox Fang,5,Large Zonaite,10,Frox Guts,3,暗闇の脚絆,"奇妙な像にポゥを捧げる事で得られる脚絆
魔物から採れる素材を用いているようで
瘴気の影響をわずかに遮る事ができる",Armor_1141_Lower,Armor_1142_Lower,Armor_1143_Lower,Armor_1144_Lower,Armor_1145_Lower,-,UnderGround,114,048
Miner's Mask,,-,"A mask used for working in darkness. The
attached lamps are filled with bioluminescent
material to light one's surroundings.",Head,Miner's Mask,Treasure Chest (Abandoned Kara Kara Mine),-,Cece (Ventest Clothing Boutique),4000,-,600,650,750,950,1450,Glow,,-,Shining Steps,-,TRUE,3,5,8,12,20,Brightbloom Seed,10,-,-,-,-,Brightbloom Seed,20,Brightcap,5,-,-,Giant Brightbloom Seed,15,Glowing Cave Fish,5,Deep Firefly,10,Giant Brightbloom Seed,20,Diamond,3,Large Zonaite,10,採掘のマスク,"暗闇の中で作業する際に用いたと言われている
マスク 取り付けられたランプは発光物質が
詰められており 周囲を淡く照らしてくれる",Armor_1051_Head,Armor_1052_Head,Armor_1053_Head,Armor_1054_Head,Armor_1055_Head,-,LightEmission,016,049
Miner's Top,,-,"A shirt featuring lamps of various sizes filled
with bioluminescent material. Made to help
with excavating dark environments.",Body,Miner's Top,Treasure Chest (Daphnes Canyon Mine),-,Cece (Ventest Clothing Boutique),4000,-,600,650,750,950,1450,Glow,,-,Shining Steps,-,TRUE,3,5,8,12,20,Brightbloom Seed,10,-,-,-,-,Brightbloom Seed,20,Brightcap,5,-,-,Giant Brightbloom Seed,15,Glowing Cave Fish,5,Deep Firefly,10,Giant Brightbloom Seed,20,Diamond,3,Large Zonaite,10,採掘の服,"発光物質を詰め込んだ大小のランプを
あしらった服 暗い環境で掘削などの
作業をするために作られたと言われている",Armor_1051_Upper,Armor_1052_Upper,Armor_1053_Upper,Armor_1054_Upper,Armor_1055_Upper,-,LightEmission,076,050
Miner's Trousers,,-,"The bioluminescent lamps on these trousers
shed light on where you step. They come in
handy when walking in darkness.",Legs,Miner's Trousers,Treasure Chest (Hylia Canyon Mine),-,Cece (Ventest Clothing Boutique),4000,-,600,650,750,950,1450,Glow,,-,Shining Steps,-,TRUE,3,5,8,12,20,Brightbloom Seed,10,-,-,-,-,Brightbloom Seed,20,Brightcap,5,-,-,Giant Brightbloom Seed,15,Glowing Cave Fish,5,Deep Firefly,10,Giant Brightbloom Seed,20,Diamond,3,Large Zonaite,10,採掘のズボン,"足元を照らせるように
発光物質を溜め込んだランプを備えたズボン
闇の中を進む際に重宝する",Armor_1051_Lower,Armor_1052_Lower,Armor_1053_Lower,Armor_1054_Lower,Armor_1055_Lower,-,LightEmission,115,051
Mystic Headpiece,,-,"Headgear acquired in exchange for
Bubbul gems. Made with prayers to
spirits, it protects the wearer, allowing them
to lose rupees instead of health when hit.",Head,Mystic Headpiece,Koltin (47 Bubbul Gems),-,Cece (Ventest Clothing Boutique),4000,-,600,-,-,-,-,Rupee Padding,,-,-,-,TRUE,3,-,-,-,-,-,-,-,-,-,-,-,-,-,-,-,-,-,-,-,-,-,-,-,-,-,-,-,-,精霊のかしら,"マヨイの落とし物と交換で貰った額当て 精霊への
祈りがこめられた一品で その加護により
攻撃を受けても 体力の代わりにルピーが減少する",Armor_1086_Head,-,-,-,-,-,MagicArmor,017,052
Mystic Robe,,-,"A robe acquired in exchange for Bubbul gems.
Woven with prayers to spirits, it protects the
wearer, allowing them to lose rupees instead
of health when hit.",Body,Mystic Robe,Koltin (9 Bubbul Gems),-,Cece (Ventest Clothing Boutique),4000,-,600,-,-,-,-,Rupee Padding,,-,-,-,TRUE,3,-,-,-,-,-,-,-,-,-,-,-,-,-,-,-,-,-,-,-,-,-,-,-,-,-,-,-,-,精霊の衣,"マヨイの落とし物と交換で貰った装束 精霊への
祈りをこめて織られており その加護で
攻撃を受けても 体力の代わりにルピーが減少する",Armor_1086_Upper,-,-,-,-,-,MagicArmor,077,053
Mystic Trousers,,-,"Trousers acquired in exchange for Bubbul
gems. Each thread is blessed by spirits,
protecting the wearer by allowing them to
lose rupees instead of health when hit.",Legs,Mystic Trousers,Koltin (22 Bubbul Gems),-,Cece (Ventest Clothing Boutique),4000,-,600,-,-,-,-,Rupee Padding,,-,-,-,TRUE,3,-,-,-,-,-,-,-,-,-,-,-,-,-,-,-,-,-,-,-,-,-,-,-,-,-,-,-,-,精霊の袴,"マヨイの落とし物と交換で貰った履物 織り糸の
一本一本に精霊への祈りがこめられ その加護で
攻撃を受けても 体力の代わりにルピーが減少する",Armor_1086_Lower,-,-,-,-,-,MagicArmor,116,054
Ember Headdress,,-,"Used in ancient rituals, this item is made of
heat-absorbing cloth that produces flame in
high-temperature environments. ",Head,Ember Headdress,Treasure Chest (YunoboCo HQ South Cave),-,Cece (Ventest Clothing Boutique),4000,-,600,650,750,950,1450,Hot Weather Attack,,-,Hot Weather Charge,-,TRUE,2,4,6,9,16,Fire Fruit,3,-,-,-,-,Fire-Breath Lizalfos Horn,5,Summerwing Butterfly,5,-,-,Fire Like Stone,5,Warm Darner,5,Large Zonai Charge,5,Gleeok Flame Horn,5,Sizzlefin Trout,10,Large Zonai Charge,10,火炎の頭飾り,"古の時代に祭事に使われたとされる頭飾り
蓄熱性を備える素材で作られており 高温環境で
周囲の熱を用い 炎を生み出す攻撃ができる",Armor_1061_Head,Armor_1062_Head,Armor_1063_Head,Armor_1064_Head,Armor_1065_Head,-,ChemicalFire,018,055
Ember Shirt,,-,"Used in ancient rituals, this item is made of
heat-absorbing cloth that produces flame in
high-temperature environments. ",Body,Ember Shirt,Treasure Chest (Goronbi River Cave),-,Cece (Ventest Clothing Boutique),4000,-,600,650,750,950,1450,Hot Weather Attack,,-,Hot Weather Charge,-,TRUE,2,4,6,9,16,Fire Fruit,3,-,-,-,-,Fire-Breath Lizalfos Horn,5,Summerwing Butterfly,5,-,-,Fire Like Stone,5,Warm Darner,5,Large Zonai Charge,5,Gleeok Flame Horn,5,Sizzlefin Trout,10,Large Zonai Charge,10,火炎の服,"大昔に祭事に用いたとされる服 蓄熱性が高い
生地で仕立てられており 高温環境において
周囲の熱を利用して 炎を生み出す攻撃ができる",Armor_1061_Upper,Armor_1062_Upper,Armor_1063_Upper,Armor_1064_Upper,Armor_1065_Upper,-,ChemicalFire,078,056
Ember Trousers,,-,"Used in ancient rituals, this item is made of
heat-absorbing cloth that produces flame in
high-temperature environments. ",Legs,Ember Trousers,Treasure Chest (Cephla Lake Cave),-,Cece (Ventest Clothing Boutique),4000,-,600,650,750,950,1450,Hot Weather Attack,,-,Hot Weather Charge,-,TRUE,2,4,6,9,16,Fire Fruit,3,-,-,-,-,Fire-Breath Lizalfos Horn,5,Summerwing Butterfly,5,-,-,Fire Like Stone,5,Warm Darner,5,Large Zonai Charge,5,Gleeok Flame Horn,5,Sizzlefin Trout,10,Large Zonai Charge,10,火炎のズボン,"その昔 祭事用として仕立てられたとされるズボン
生地が蓄熱性を持っているため 高温環境において
周りの熱を使って 炎を生み出す攻撃ができる",Armor_1061_Lower,Armor_1062_Lower,Armor_1063_Lower,Armor_1064_Lower,Armor_1065_Lower,-,ChemicalFire,117,057
Charged Headdress,,-,"Used in ancient rituals and made from 
conductive material, this item produces
electricity during thunderstorms.",Head,Charged Headdress,Treasure Chest (Dracozu River),-,-,-,-,-,-,-,-,-,Stormy Weather Attack,,-,Stormy Weather Charge,-,TRUE,3,5,8,12,20,Shock Fruit,3,-,-,-,-,Electric Lizalfos Horn,5,Thunderwing Butterfly,3,-,-,Shock Like Stone,5,Electric Darner,5,Large Zonai Charge,3,Gleeok Thunder Horn,5,Voltfin Trout,10,Large Zonai Charge,5,雷光の頭飾り,"大昔に祭事に用いたとされる頭飾り
帯電性が高い素材の特性を利用して
雷雨の大気から 雷を生み出す攻撃ができる",Armor_1066_Head,Armor_1067_Head,Armor_1068_Head,Armor_1069_Head,Armor_1070_Head,-,ChemicalElectric,019,058
Charged Shirt,,-,"Used in ancient rituals and made from 
conductive material, this item produces
electricity during thunderstorms.",Body,Charged Shirt,Treasure Chest (Dracozu River),-,-,-,-,-,-,-,-,-,Stormy Weather Attack,,-,Stormy Weather Charge,-,TRUE,3,5,8,12,20,Shock Fruit,3,-,-,-,-,Electric Lizalfos Horn,5,Thunderwing Butterfly,3,-,-,Shock Like Stone,5,Electric Darner,5,Large Zonai Charge,3,Gleeok Thunder Horn,5,Voltfin Trout,10,Large Zonai Charge,5,雷光の服,"その昔 祭事用として仕立てられたとされる服
生地が高い帯電性を持つため 雷雨時に
周りの電気を集め 雷を生み出す攻撃ができる",Armor_1066_Upper,Armor_1067_Upper,Armor_1068_Upper,Armor_1069_Upper,Armor_1070_Upper,-,ChemicalElectric,079,059
Charged Trousers,,-,"Used in ancient rituals and made from 
conductive material, this item produces
electricity during thunderstorms.",Legs,Charged Trousers,Treasure Chest (Dracozu River),-,-,-,-,-,-,-,-,-,Stormy Weather Attack,,-,Stormy Weather Charge,-,TRUE,3,5,8,12,20,Shock Fruit,3,-,-,-,-,Electric Lizalfos Horn,5,Thunderwing Butterfly,3,-,-,Shock Like Stone,5,Electric Darner,5,Large Zonai Charge,3,Gleeok Thunder Horn,5,Voltfin Trout,10,Large Zonai Charge,5,雷光のズボン,"古の時代に祭事に使われたとされるズボン
高い帯電性を備える布で作られており 雷雨時に
空気中の電気を利用し 雷を生み出す攻撃ができる",Armor_1066_Lower,Armor_1067_Lower,Armor_1068_Lower,Armor_1069_Lower,Armor_1070_Lower,-,ChemicalElectric,118,060
Frostbite Headdress,,-,"Made for ancient rituals, this item's cold-
absorbing cloth produces frost in low-
temperature environments. ",Head,Frostbite Headdress,Treasure Chest (Lake Kilsie Cave),-,Cece (Ventest Clothing Boutique),4000,-,600,650,750,950,1450,Cold Weather Attack,,-,Cold Weather Charge,-,TRUE,2,4,6,9,16,Ice Fruit,3,-,-,-,-,Ice-Breath Lizalfos Horn,5,Winterwing Butterfly,5,-,-,Ice Like Stone,5,Cold Darner,5,Large Zonai Charge,5,Gleeok Frost Horn,5,Chillfin Trout,10,Large Zonai Charge,10,吹雪の頭飾り,"その昔 祭事用として作られたとされる頭飾り
冷媒の性質を持つ素材が用いられており
低温環境において 冷気を生み出す攻撃ができる",Armor_1071_Head,Armor_1072_Head,Armor_1073_Head,Armor_1074_Head,Armor_1075_Head,-,ChemicalIce,020,061
Frostbite Shirt,,-,"Made for ancient rituals, this item's cold-
absorbing cloth produces frost in low-
temperature environments. ",Body,Frostbite Shirt,Treasure Chest (Brightcap Cave),-,Cece (Ventest Clothing Boutique),4000,-,600,650,750,950,1450,Cold Weather Attack,,-,Cold Weather Charge,-,TRUE,2,4,6,9,16,Ice Fruit,3,-,-,-,-,Ice-Breath Lizalfos Horn,5,Winterwing Butterfly,5,-,-,Ice Like Stone,5,Cold Darner,5,Large Zonai Charge,5,Gleeok Frost Horn,5,Chillfin Trout,10,Large Zonai Charge,10,吹雪の服,"古の時代に祭事に使われたとされる服
生地に冷媒となる素材が使われているため
低温環境において 冷気を生み出す攻撃ができる",Armor_1071_Upper,Armor_1072_Upper,Armor_1073_Upper,Armor_1074_Upper,Armor_1075_Upper,-,ChemicalIce,080,062
Frostbite Trousers,,-,"Made for ancient rituals, this item's cold-
absorbing cloth produces frost in low-
temperature environments. ",Legs,Frostbite Trousers,Treasure Chest (Hebra Headspring Cave),-,Cece (Ventest Clothing Boutique),4000,-,600,650,750,950,1450,Cold Weather Attack,,-,Cold Weather Charge,-,TRUE,2,4,6,9,16,Ice Fruit,3,-,-,-,-,Ice-Breath Lizalfos Horn,5,Winterwing Butterfly,5,-,-,Ice Like Stone,5,Cold Darner,5,Large Zonai Charge,5,Gleeok Frost Horn,5,Chillfin Trout,10,Large Zonai Charge,10,吹雪のズボン,"大昔に祭事に用いたとされるズボン
使われている布が冷媒の特性を持っているため
低温環境で 冷気を生み出す攻撃ができる",Armor_1071_Lower,Armor_1072_Lower,Armor_1073_Lower,Armor_1074_Lower,Armor_1075_Lower,-,ChemicalIce,119,063
Yiga Mask,,-,"A mask supplied to members of the Yiga Clan.
It covers the entire face, keeping even breath
sounds to a minimum. Perfect for sneaking,
but lacks protection due to its light material.",Head,Yiga Mask,Pitar (Great Plateau),-,Cece (Ventest Clothing Boutique),4000,-,600,650,750,950,1450,Stealth Up,,Trigger Gerudo Jail,Night Speed Up,Yiga Disguise,TRUE,1,3,5,7,12,Octorok Eyeball,2,-,-,-,-,Fire-Breath Lizalfos Tail,3,Puffshroom,3,-,-,Ice-Breath Lizalfos Tail,5,Keese Eyeball,5,-,-,Electric Lizalfos Tail,5,Black Hinox Horn,3,Mighty Bananas,10,イーガ団マスク,"イーガ団の団員に支給されるマスク
顔を全て覆う事で 吐息の音まで抑えられる
隠密行動には最適だが 軽い素材ゆえ防御力は低い",Armor_1300_Head,Armor_1301_Head,Armor_1302_Head,Armor_1303_Head,Armor_1304_Head,-,Yiga,021,064
Yiga Armor,,-,"Armor supplied to members of the Yiga Clan.
Defensive parts are minimized for silence, so
it's lacking in protection.",Body,Yiga Armor,Konba (Akkala Ancient Tech Lab),-,Cece (Ventest Clothing Boutique),4000,-,600,650,750,950,1450,Stealth Up,,-,Night Speed Up,Yiga Disguise,TRUE,1,3,5,7,12,Octorok Eyeball,2,-,-,-,-,Fire-Breath Lizalfos Tail,3,Puffshroom,3,-,-,Ice-Breath Lizalfos Tail,5,Keese Eyeball,5,-,-,Electric Lizalfos Tail,5,Black Hinox Horn,3,Mighty Bananas,10,イーガ団スーツ,"イーガ団の団員に支給されるスーツ
防護用のパーツを最低限に抑え 音を立てないよう
工夫されている その分防御力は低い",Armor_1300_Upper,Armor_1301_Upper,Armor_1302_Upper,Armor_1303_Upper,Armor_1304_Upper,-,Yiga,081,065
Yiga Tights,,-,"Tights supplied to members of the Yiga Clan.
The soft material on the soles silences
footsteps, but protection is lacking due to the
light material.",Legs,Yiga Tights,Aliza (Yiga Clan Maritta Branch),-,Cece (Ventest Clothing Boutique),4000,-,600,650,750,950,1450,Stealth Up,,-,Night Speed Up,Yiga Disguise,TRUE,1,3,5,7,12,Octorok Eyeball,2,-,-,-,-,Fire-Breath Lizalfos Tail,3,Puffshroom,3,-,-,Ice-Breath Lizalfos Tail,5,Keese Eyeball,5,-,-,Electric Lizalfos Tail,5,Black Hinox Horn,3,Mighty Bananas,10,イーガ団タイツ,"イーガ団の団員に支給されるタイツ
足裏は柔らかい素材で 足音が立ちにくい
薄手のため 防御力は低い",Armor_1300_Lower,Armor_1301_Lower,Armor_1302_Lower,Armor_1303_Lower,Armor_1304_Lower,-,Yiga,120,066
Vah Medoh Divine Helm,,-,"A helm worn by a warrior who protected the
Rito in a time beyond memory. It's said to
deepen the bond with the Rito when worn
by a Hylian.",Head,Vah Medoh Divine Helm,Treasure Chest (North Biron Snowshelf Cave),-,Cece (Ventest Clothing Boutique),4000,-,600,650,750,950,1450,Cold Resistance,,Tulin Attack Level Up,-,-,TRUE,2,4,6,9,16,Sapphire,1,Zonaite,5,-,-,Sapphire,4,Zonaite,10,-,-,Sapphire,6,Large Zonaite,5,Dazzlefruit,5,Sapphire,10,Large Zonaite,10,Dazzlefruit,10,神獣兵装・メドー,"古来 リトの民を守護する戦士が手にした兜
ハイリア人が身に着けると リト族との絆が
より深まると言われている",Armor_182_Head,Armor_190_Head,Armor_191_Head,Armor_192_Head,Armor_193_Head,-,Ancient,022,067
Vah Rudania Divine Helm,,-,"A helm worn by a warrior who protected the
Gorons in a time beyond memory. It's said to
deepen the bond with the Gorons when worn
by a Hylian.",Head,Vah Rudania Divine Helm,Treasure Chest (Lizard's Burrow),-,Cece (Ventest Clothing Boutique),4000,-,600,650,750,950,1450,Flame Guard,,Yunobo Attack Level Up,-,-,TRUE,2,4,6,9,16,Ruby,1,Zonaite,5,-,-,Ruby,4,Zonaite,10,-,-,Ruby,6,Large Zonaite,5,Dazzlefruit,5,Ruby,10,Large Zonaite,10,Dazzlefruit,10,神獣兵装・ルーダニア,"古来 ゴロンの民を守護する戦士が手にした兜
ハイリア人が身に着けると ゴロン族との絆が
より深まると言われている",Armor_183_Head,Armor_194_Head,Armor_195_Head,Armor_196_Head,Armor_197_Head,-,Ancient,023,068
Vah Ruta Divine Helm,,-,"A helm worn by a warrior who protected the
Zora in a time beyond memory. It's said to
deepen the bond with the Zora when worn
by a Hylian.",Head,Vah Ruta Divine Helm,Treasure Chest (Cave Under Zora's Domain),-,Cece (Ventest Clothing Boutique),4000,-,600,650,750,950,1450,Swim Speed Up,,Sidon Attack Level Up,-,-,TRUE,2,4,6,9,16,Opal,5,Zonaite,5,-,-,Opal,10,Zonaite,10,-,-,Opal,15,Large Zonaite,5,Dazzlefruit,5,Opal,25,Large Zonaite,10,Dazzlefruit,10,神獣兵装・ルッタ,"古来 ゾーラの民を守護する戦士が手にした兜
ハイリア人が身に着けると ゾーラ族との絆が
より深まると言われている",Armor_181_Head,Armor_186_Head,Armor_187_Head,Armor_188_Head,Armor_189_Head,-,Ancient,024,069
Vah Naboris Divine Helm,,-,"A helm worn by a warrior who protected the
Gerudo in a time beyond memory. It's said to
deepen the bond with the Gerudo when worn
by a Hylian.",Head,Vah Naboris Divine Helm,Treasure Chest (West Gerudo Underground Ruins),-,Cece (Ventest Clothing Boutique),4000,-,600,650,750,950,1450,Shock Resistance,,Riju Attack Level Up,-,-,TRUE,2,4,6,9,16,Topaz,1,Zonaite,5,-,-,Topaz,4,Zonaite,10,-,-,Topaz,6,Large Zonaite,5,Dazzlefruit,5,Topaz,10,Large Zonaite,10,Dazzlefruit,10,神獣兵装・ナボリス,"古来 ゲルドの民を守護する戦士が手にした兜
ハイリア人が身に着けると ゲルド族との絆が
より深まると言われている",Armor_184_Head,Armor_198_Head,Armor_199_Head,Armor_168_Head,Armor_169_Head,-,Ancient,025,070
Zonaite Helm,,-,"A helmet forged of zonaite. The magic infused
into it during its production grants its wearer
improved energy efficiency for Zonai devices.",Head,Zonaite Helm,Treasure Chest (Lightcast Island),-,Cece (Ventest Clothing Boutique),4000,-,600,650,750,950,1450,Energy Up,,Mineru Attack Level Up,Energy Recharge Up,-,TRUE,4,7,12,18,28,Soldier Construct Horn,5,-,-,-,-,Soldier Construct II Horn,5,Captain Construct I Horn,5,Zonaite,5,Soldier Construct III Horn,5,Captain Construct II Horn,5,Large Zonaite,5,Soldier Construct IV Horn,5,Captain Construct III Horn,5,Large Zonaite,10,ゾナニウムの兜,"ゾナニウムを加工して作られた兜 製作の過程で
込められた魔力により 装備した者がゾナウギアを
使用する際のエネルギーの効率が向上する",Armor_1091_Head,Armor_1092_Head,Armor_1093_Head,Armor_1094_Head,Armor_1095_Head,-,Zonanium,026,071
Zonaite Waistguard,,-,"A waistguard made from zonaite. While
wearing it, you'll reap the benefit of its imbued
magic and improve the efficiency of Zonai
devices.",Body,Zonaite Waistguard,Treasure Chest (Zonaite Forge island),-,Cece (Ventest Clothing Boutique),4000,-,600,650,750,950,1450,Energy Up,,-,Energy Recharge Up,-,TRUE,4,7,12,18,28,Soldier Construct Horn,5,-,-,-,-,Soldier Construct II Horn,5,Captain Construct I Horn,5,Zonaite,5,Soldier Construct III Horn,5,Captain Construct II Horn,5,Large Zonaite,5,Soldier Construct IV Horn,5,Captain Construct III Horn,5,Large Zonaite,10,ゾナニウムの前垂れ,"ゾナニウムから製作された前垂れ
身に着ける事で 込められた魔力の恩恵を受ける
事ができ ゾナウギアを効率的に使う事ができる",Armor_1091_Upper,Armor_1092_Upper,Armor_1093_Upper,Armor_1094_Upper,Armor_1095_Upper,-,Zonanium,082,072
Zonaite Shin Guards,,-,"Shin guards forged of zonaite. Wearing
them awakens the magic of their creators,
improving efficiency for Zonai devices.",Legs,Zonaite Shin Guards,Treasure Chest (Akkala Sky Mine),-,Cece (Ventest Clothing Boutique),4000,-,600,650,750,950,1450,Energy Up,,-,Energy Recharge Up,-,TRUE,4,7,12,18,28,Soldier Construct Horn,5,-,-,-,-,Soldier Construct II Horn,5,Captain Construct I Horn,5,Zonaite,5,Soldier Construct III Horn,5,Captain Construct II Horn,5,Large Zonaite,5,Soldier Construct IV Horn,5,Captain Construct III Horn,5,Large Zonaite,10,ゾナニウムの膝当て,"ゾナニウムを用いて作られた膝当て
装備するとゾナウ族の名工が込めた魔力が作用し 
ゾナウギアを扱う際のエネルギー効率が良くなる",Armor_1091_Lower,Armor_1092_Lower,Armor_1093_Lower,Armor_1094_Lower,Armor_1095_Lower,-,Zonanium,121,073
Diamond Circlet,,-,"A luxurious headpiece sold at Gerudo jewelry
shops. It's decorated with a diamond, which
harnesses the power of light to increase
attack power.",Head,Diamond Circlet,Jewelry Shop (Starlight Memories),-,-,2400,-,600,650,750,950,1450,Attack Up,,-,-,-,FALSE,4,7,12,18,28,Diamond,2,Flint,3,-,-,Diamond,3,Flint,5,-,-,Diamond,5,Star Fragment,1,-,-,Diamond,8,Star Fragment,2,-,-,ダイヤの頭飾り,"ゲルドの宝飾店で扱われる 豪華な頭飾り
光の力を宿す宝石であるダイヤモンドの
加護により 攻撃力が増加する",Armor_024_Head,Armor_117_Head,Armor_118_Head,Armor_119_Head,Armor_120_Head,-,HeadAcce,027,074
Ruby Circlet,,-,"A headpiece made by Gerudo craft workers.
It's set with a ruby, a gem that harnesses
the power of fire to make cold climates
more bearable.",Head,Ruby Circlet,Jewelry Shop (Starlight Memories),Shop (Gerudo Shelter),-,1300,-,325,375,475,675,1175,Cold Resistance,,-,-,-,FALSE,3,5,8,12,20,Ruby,2,Flint,3,-,-,Ruby,4,Flint,5,-,-,Ruby,6,Star Fragment,1,-,-,Ruby,10,Star Fragment,2,-,-,ルビーの頭飾り,"ゲルドの宝石職人が作る 伝統的な頭飾り
炎の力を宿す宝石であるルビーの加護により 
身に着けると 耐寒効果を発揮する",Armor_025_Head,Armor_121_Head,Armor_122_Head,Armor_123_Head,Armor_124_Head,-,HeadAcce,028,075
Sapphire Circlet,,-,"An intricate headpiece crafted with Gerudo
goldsmith techniques. It's set with a
sapphire, a gem that harnesses the power
of ice to make hot climates more tolerable.",Head,Sapphire Circlet,Jewelry Shop (Starlight Memories),Shop (Gerudo Shelter),-,1400,-,350,400,500,700,1200,Heat Resistance,,-,-,-,FALSE,3,5,8,12,20,Sapphire,2,Flint,3,-,-,Sapphire,4,Flint,5,-,-,Sapphire,6,Star Fragment,1,-,-,Sapphire,10,Star Fragment,2,-,-,サファイアの頭飾り,"ゲルドの彫金技術で作られた精巧な頭飾り
宝石のサファイアは 氷の力を宿すといわれ 
装備するとその加護により 耐暑効果を発揮する",Armor_026_Head,Armor_125_Head,Armor_126_Head,Armor_127_Head,Armor_128_Head,-,HeadAcce,029,076
Topaz Earrings,,-,"Earrings made by Gerudo craft workers.
They're made with topaz, a gem that
harnesses the power of lightning to increase
electricity resistance.",Head,Topaz Earrings,Jewelry Shop (Starlight Memories),-,-,1200,-,300,350,450,650,1150,Shock Resistance,,-,-,-,FALSE,3,5,8,12,18,Topaz,2,Flint,3,-,-,Topaz,4,Flint,5,-,-,Topaz,6,Star Fragment,1,-,-,Topaz,10,Star Fragment,2,-,-,トパーズの耳飾り,"雷の力を宿すといわれるトパーズを ゲルドの
宝石職人が加工した耳飾り 身に着けると
その加護により 耐電効果を発揮する",Armor_027_Head,Armor_129_Head,Armor_130_Head,Armor_131_Head,Armor_132_Head,-,EarAcce,030,077
Opal Earrings,,-,"Earrings sold at Gerudo jewelry shops.
They contain opal, a gem that harnesses
the power of water to increase your
swimming speed.",Head,Opal Earrings,Jewelry Shop (Starlight Memories),-,-,700,-,175,225,325,525,1025,Swim Speed Up,,-,-,-,FALSE,3,5,8,12,20,Opal,6,Flint,5,-,-,Opal,12,Flint,10,-,-,Opal,18,Flint,15,-,-,Opal,30,Flint,25,-,-,オパールの耳飾り,"ゲルドの宝飾店で扱われているイヤリング
水の力を宿すとされる オパールの加護により
身に着けると 泳ぎの速度が上昇する",Armor_028_Head,Armor_133_Head,Armor_134_Head,Armor_135_Head,Armor_136_Head,-,EarAcce,031,078
Amber Earrings,,-,"One of the items sold by the Gerudo jeweler.
These earrings are made with amber, a gem
that harnesses the power of the land to
increase defense when equipped.",Head,Amber Earrings,Jewelry Shop (Starlight Memories),Shop (Gerudo Shelter),-,400,-,100,150,250,450,950,-,-,-,-,-,FALSE,4,7,12,18,28,Amber,10,Flint,5,-,-,Amber,20,Flint,10,-,-,Amber,35,Flint,15,-,-,Amber,60,Flint,25,-,-,コハクの耳飾り,"ゲルドの宝飾店に並ぶ 定番商品のひとつ
大地の力を宿す宝石である コハクを使った耳飾り
装備するとその加護により 防御力が増す",Armor_029_Head,Armor_137_Head,Armor_138_Head,Armor_139_Head,Armor_140_Head,-,EarAcce,032,079
Well-Worn Hair Band,,-,"An old, worn, simple hair band. Its color has
long faded, but it still has some life left in it.
Wearing it in your hair makes you sentimental
about times past.",Head,Well-Worn Hair Band,Treasure Chest (Zelda's Secret Well),-,Cece (Ventest Clothing Boutique),20,-,5,-,-,-,-,-,-,-,-,-,FALSE,0,-,-,-,-,-,-,-,-,-,-,-,-,-,-,-,-,-,-,-,-,-,-,-,-,-,-,-,-,古びた髪留め,"古ぼけた簡素な髪留め
色あせているが まだまだ使えそう
これで髪をまとめると どこか懐かしさを感じる",Armor_1151_Head,-,-,-,-,-,None,033,080
Cece Hat,,-,"An avant-garde masterpiece designed by
Cece. Guaranteed to make the fashionistas'
heads turn.",Head,Cece Hat,The Mayoral Election,-,Armor Shop (Ventest Clothing Boutique),4000,-,600,-,-,-,-,-,-,-,-,-,FALSE,3,-,-,-,-,-,-,-,-,-,-,-,-,-,-,-,-,-,-,-,-,-,-,-,-,-,-,-,-,サゴノハット,"独創的なデザインがされたサゴノの傑作
被って歩けばファッションに敏感な人達の
興味を引くこと間違いなし！",Armor_1076_Head,-,-,-,-,-,Sagono,034,081
Lightning Helm,,-,"The Yiga copied a precious heirloom passed
down among the Gerudo to craft this helm.
Adorned with topaz, it deflects lightning. ",Head,Lightning Helm,Yiga Clan Hideout Challenge #3,-,-,-,-,-,-,-,-,-,Lightning Proof,,-,-,-,FALSE,3,-,-,-,-,-,-,-,-,-,-,-,-,-,-,-,-,-,-,-,-,-,-,-,-,-,-,-,-,護雷の兜,"ゲルド族に神器として伝わる兜を模して
イーガ団が作った物 無数のトパーズが
内部に埋め込まれており 雷撃を弾く力を持つ",Armor_115_Head,-,-,-,-,-,Gorai,035,082
Sand Boots,,-,"Gerudo artisans modified these boots for life
in the desert. The special soles distribute
your body weight evenly so you can maintain
your normal movement speed on sand.",Legs,Sand Boots,Shop (Gerudo Secret Club),-,-,1200,-,300,350,450,650,1150,Sand Speed Up,,-,-,-,TRUE,3,5,8,12,20,Hightail Lizard,3,-,-,-,-,Gibdo Bone,20,Swift Carrot,5,-,-,Gibdo Guts,5,Rushroom,10,Molduga Fin,5,Molduga Guts,5,Swift Violet,10,Hearty Lizard,5,サンドブーツ,"昔のゲルド族が使っていたという 貴重なブーツ
砂に埋まりにくい靴底になっており
装備すると 砂漠でも移動速度が落ちない",Armor_049_Lower,Armor_152_Lower,Armor_153_Lower,Armor_154_Lower,Armor_155_Lower,-,Boots,122,083
Snow Boots,,-,"Boots designed for hiking up snowy
mountains. They evenly distribute your
body weight so you can maintain your
normal movement speed on deep snow.",Legs,Snow Boots,Shop (Gerudo Secret Club),-,-,1300,-,325,375,475,675,1175,Snow Speed Up,,-,-,-,TRUE,3,5,8,12,20,Hightail Lizard,3,-,-,-,-,Octorok Tentacle,5,Swift Carrot,5,-,-,Octo Balloon,5,Rushroom,20,-,-,Naydra's Scale,2,Swift Violet,20,-,-,スノーブーツ,"その昔 雪山に登る時に使われていたという 
貴重なブーツ 体重を分散させる工夫がされており
装備すると 深い雪の上でも移動速度が落ちない",Armor_141_Lower,Armor_156_Lower,Armor_157_Lower,Armor_158_Lower,Armor_159_Lower,-,Boots,123,084
Bokoblin Mask,,-,"Kilton's handmade Bokoblin headgear. It's
almost charming in a cute, monstrous kind of
way... Equip it to blend in with Bokoblins.",Head,Bokoblin Mask,Koltin (1 Bubbul Gem),-,Cece (Ventest Clothing Boutique),4000,-,600,-,-,-,-,-,-,Bokoblin Disguise,-,-,FALSE,3,-,-,-,-,-,-,-,-,-,-,-,-,-,-,-,-,-,-,-,-,-,-,-,-,-,-,-,-,ボコブリンマスク,"キルトンお手製の ボコブリンの被りモノ
愛嬌たっぷりな仕上がりになっている
被っていると ボコブリンに気づかれにくくなる",Armor_022_Head,-,-,-,-,-,EnemyMusk,036,085
Horriblin Mask,,-,"Kilton's handmade Horriblin headgear. The
big nose and smiley mouth look just like those
of the real monster... Equip it to blend in with
Horriblins.",Head,Horriblin Mask,Koltin (30 Bubbul Gems),-,Cece (Ventest Clothing Boutique),4000,-,600,-,-,-,-,-,-,Horriblin Disguise,-,-,FALSE,3,-,-,-,-,-,-,-,-,-,-,-,-,-,-,-,-,-,-,-,-,-,-,-,-,-,-,-,-,ホラブリンマスク,"キルトンお手製の ホラブリンの被りモノ
大きな鼻と にっこり笑った口元が よく似ている
被っていると ホラブリンに気づかれにくくなる",Armor_1125_Head,-,-,-,-,-,EnemyMusk,037,086
Moblin Mask,,-,"Kilton's handmade Moblin headgear. It's
designed to replicate the distinct, long, Moblin
nose and hanging tongue. Equip it to blend in
with Moblins.",Head,Moblin Mask,Koltin (3 Bubbul Gems),-,Cece (Ventest Clothing Boutique),4000,-,600,-,-,-,-,-,-,Moblin Disguise,-,-,FALSE,3,-,-,-,-,-,-,-,-,-,-,-,-,-,-,-,-,-,-,-,-,-,-,-,-,-,-,-,-,モリブリンマスク,"キルトンお手製の モリブリンの被りモノ
特徴的な長い鼻と 垂れた舌も再現されている
被っていると モリブリンに気づかれにくくなる",Armor_045_Head,-,-,-,-,-,EnemyMusk,038,087
Lizalfos Mask,,-,"Kilton's handmade Lizalfos headgear. It's
designed to replicate even those goggling
eyeballs of the Lizalfos. Equip it to blend in
with Lizalfos.",Head,Lizalfos Mask,Koltin (15 Bubbul Gems),-,Cece (Ventest Clothing Boutique),4000,-,600,-,-,-,-,-,-,Lizalfos Disguise,-,-,FALSE,3,-,-,-,-,-,-,-,-,-,-,-,-,-,-,-,-,-,-,-,-,-,-,-,-,-,-,-,-,リザルフォスマスク,"キルトンお手製の リザルフォスの被りモノ
ぎょろりと出た目玉も リアルに作り込まれている
被っていると リザルフォスに気づかれにくくなる",Armor_055_Head,-,-,-,-,-,EnemyMusk,039,088
Lynel Mask,,-,"Kilton's handmade Lynel headgear. It's so
well crafted, it can deceive a real Lynel.
Equip it to blend in with Lynels, but don't
linger too long. Those beasts are smart.",Head,Lynel Mask,Koltin (38 Bubbul Gems),-,Cece (Ventest Clothing Boutique),4000,-,600,-,-,-,-,-,-,Lynel Disguise,-,-,FALSE,3,-,-,-,-,-,-,-,-,-,-,-,-,-,-,-,-,-,-,-,-,-,-,-,-,-,-,-,-,ライネルマスク,"キルトンお手製の ライネルの被りモノ
ライネルの目さえも欺く 高い完成度を誇り
被っていると 気づかれにくくなる",Armor_056_Head,-,-,-,-,-,EnemyMusk,040,089
Tunic of Memories,,-,"In ancient Hyrule, this garment could only be
worn by one who had earned the respect
of the royal family. It's dyed in vibrant blue.",Body,-,Bargainer Statue Shop (Find 7),-,-,-,400,-,-,-,-,-,-,-,Master Sword Beam Always,-,-,FALSE,4,7,12,18,28,Silent Princess,3,Light Dragon's Scale,1,-,-,Silent Princess,3,Light Dragon's Talon,1,Farosh's Horn,2,Silent Princess,5,Shard of Light Dragon's Fang,1,Naydra's Horn,2,Silent Princess,10,Light Dragon's Horn,1,Dinraal's Horn,2,思い出の服,"その昔 ハイラル王家から認められた
五人の英傑が着用した服
鮮やかな青色で染め上げられている",Armor_116_Upper,Armor_148_Upper,Armor_149_Upper,Armor_150_Upper,Armor_151_Upper,-,Hero,083,090
Champion's Leathers,,-,"This garment, worn by those in good standing
with Hyrule royalty, has been reworked with
the latest improvements, such as a new
shoulder guard.",Body,Champion's Leathers,Treasure Chest (Hyrule Castle),-,-,-,-,-,-,-,-,-,-,-,Master Sword Beam Always,-,-,FALSE,5,8,14,22,32,Silent Princess,3,Light Dragon's Scale,2,-,-,Silent Princess,3,Light Dragon's Talon,2,Sundelion,10,Silent Princess,5,Shard of Light Dragon's Fang,2,Sundelion,15,Silent Princess,10,Light Dragon's Horn,2,Sundelion,20,新式・英傑の服,"ハイラル王家から認められた英傑が 着用した服に
肩当てなどを増やし 旧式からより冒険に適した
改良が施された最新式の服",Armor_1106_Upper,Armor_1107_Upper,Armor_1108_Upper,Armor_1109_Upper,Armor_1110_Upper,-,NewHero,084,091
Island Lobster Shirt,,-,"A soft, comfortable shirt traditional to a
southern island. It's made of breathable
fabric, so it's well suited to warm regions.",Body,Island Lobster Shirt,Treasure Chest (Lurelin Village),-,Bargainer Statue Shop,-,400,600,-,-,-,-,Heat Resistance,,Sail Acceleration Up,-,-,FALSE,1,-,-,-,-,-,-,-,-,-,-,-,-,-,-,-,-,-,-,-,-,-,-,-,-,-,-,-,-,青いエビシャツ,"南の島に伝わる 柔らかな着心地のシャツ
風通しの良い生地で作られており
暑い地方で着るのに適している",Armor_175_Upper,-,-,-,-,-,ShrimpShirt,085,092
Ravio's Hood,,-,"The hood of a traveling merchant who had a
bracelet that could turn the wearer into a
painting. Wearing it increases your sideways
climbing speed. It's a rather rare find.",Head,Ravio's Hood,Treasure Chest (Secluded Coliseum),-,Bargainer Statue Shop,-,400,600,-,-,-,-,-,-,Sideways Climb Speed Up,-,-,FALSE,2,-,-,-,-,-,-,-,-,-,-,-,-,-,-,-,-,-,-,-,-,-,-,-,-,-,-,-,-,ラヴィオの頭巾,"壁画になれる不思議な腕輪を持つ 旅の商人の頭巾
壁画は無理だが 壁登りの横移動が速くなる
簡単には手に入らない 珍しい物だ",Armor_177_Head,-,-,-,-,-,Ravio,041,093
Zant's Helmet,,-,"The ruthless Usurper King of the Twilight
Realm wore a helmet much like this one...
It's a rather rare find.",Head,Zant's Helmet,Treasure Chest (Scorching Coliseum),-,Bargainer Statue Shop,-,400,600,-,-,-,-,Unfreezable,,-,-,-,FALSE,3,-,-,-,-,-,-,-,-,-,-,-,-,-,-,-,-,-,-,-,-,-,-,-,-,-,-,-,-,ザントの兜,"黄昏の世界に君臨し 冷酷非情と恐れられた僭王
その僭王が 身に着けていた兜 と言われている
簡単には手に入らない 貴重な物だ",Armor_178_Head,-,-,-,-,-,Zant,042,094
Midna's Helmet,,-,"A helmet much like the one Midna wore when
she fought alongside the Hero of Twilight.
It's a rather rare find.",Head,Midna's Helmet,Treasure Chest (Lone Island Coliseum),-,Bargainer Statue Shop,-,400,600,-,-,-,-,Gloom Resistance,,-,-,-,FALSE,7,-,-,-,-,-,-,-,-,-,-,-,-,-,-,-,-,-,-,-,-,-,-,-,-,-,-,-,-,ミドナの冠,"黄昏の勇者と共に ハイラルのために戦った
影の女王が身に着けていた と伝えられている
簡単には手に入らない 貴重な物だ",Armor_173_Head,-,-,-,-,-,Midna,043,095
Majora's Mask,,-,"An eerie mask passed down from ancient
times. Wearing it makes it harder for certain
enemies to spot you. It's a rather rare find.",Head,Majora's Mask,Treasure Chest (Floating Coliseum),-,Bargainer Statue Shop,-,400,600,-,-,-,-,-,-,Enemy Disguise,-,-,FALSE,1,-,-,-,-,-,-,-,-,-,-,-,-,-,-,-,-,-,-,-,-,-,-,-,-,-,-,-,-,ムジュラの仮面,"太古の昔より伝わる仮面
身につけると 一部の魔物から気づかれにくくなる
簡単には手に入らない 珍しい物だ",Armor_172_Head,-,-,-,-,-,Majora,044,096
Korok Mask,,-,"A mask inspired by those fun-loving Koroks.
It shakes when one is nearby. It's a rather
rare find.",Head,Korok Mask,Treasure Chest (Forest Coliseum),-,Bargainer Statue Shop,-,400,600,-,-,-,-,-,-,Korok Detect,-,-,FALSE,1,-,-,-,-,-,-,-,-,-,-,-,-,-,-,-,-,-,-,-,-,-,-,-,-,-,-,-,-,コログのお面,"コログたちがつけている お面をかたどったもの
近くにコログがいると カタカタ揺れる
簡単には手に入らない 珍しい品だ",Armor_176_Head,-,-,-,-,-,KorokEquip,045,097
Tingle's Hood,,-,"There was once a man who claimed to be
the very reincarnation of a fairy. He treasured
this hood, and so will you. After all, it's a
rather rare find. Kooloo-Limpah!",Head,Tingle's Hood,Treasure Chest (Statue of the Eighth Heroine Cave),-,Bargainer Statue Shop,-,400,600,-,-,-,-,-,-,-,Night Speed Up,Frighten People,FALSE,2,-,-,-,-,-,-,-,-,-,-,-,-,-,-,-,-,-,-,-,-,-,-,-,-,-,-,-,-,チンクルの頭巾,"妖精に憧れた男が 好んで身に着けていた頭巾
その男にとって緑の色は 妖精の証だったらしい
簡単には手に入らない品のようだ",Armor_174_Head,-,-,-,-,-,Tincle,046,098
Tingle's Shirt,,-,"There was once a man who claimed to be
the very reincarnation of a fairy. He treasured
this shirt, and so will you. After all, it's a
rather rare find. Kooloo-Limpah!",Body,Tingle's Shirt,Treasure Chest (Dueling Peaks South Cave),-,Bargainer Statue Shop,-,400,600,-,-,-,-,-,-,-,Night Speed Up,Frighten People,FALSE,2,-,-,-,-,-,-,-,-,-,-,-,-,-,-,-,-,-,-,-,-,-,-,-,-,-,-,-,-,チンクルの服,"妖精に憧れた男が 好んで身に着けていた服
その男にとって緑の色は 妖精の証だったらしい
簡単には手に入らない品のようだ",Armor_174_Upper,-,-,-,-,-,Tincle,086,099
Tingle's Tights,,-,"There was once a man who claimed to be
the very reincarnation of a fairy. He treasured
these tights, and so will you. After all,
they're a rather rare find. Kooloo-Limpah!",Legs,Tingle's Tights,Treasure Chest (Cape Cales Cliffbase Cave),-,Bargainer Statue Shop,-,400,600,-,-,-,-,-,-,-,Night Speed Up,Frighten People,FALSE,2,-,-,-,-,-,-,-,-,-,-,-,-,-,-,-,-,-,-,-,-,-,-,-,-,-,-,-,-,チンクルのズボン,"妖精に憧れた男が 好んで身に着けていたズボン
その男にとって緑の色は 妖精の証だったらしい
簡単には手に入らない品のようだ",Armor_174_Lower,-,-,-,-,-,Tincle,124,100
Phantom Helmet,,-,"Myths abound about armored phantoms that
terrorized brave heroes. This helmet looks
just like the ones they supposedly wore.
It's a rather rare find.",Head,Phantom Helmet,Treasure Chest (Puffer Beach Overhead Cave),-,Bargainer Statue Shop,-,400,600,-,-,-,-,Attack Up,,-,-,Frighten People,FALSE,8,-,-,-,-,-,-,-,-,-,-,-,-,-,-,-,-,-,-,-,-,-,-,-,-,-,-,-,-,ファントムの兜,"かつて 勇者ですら恐れた 甲冑の魔物が存在した
その魔物がまとっていたと伝えられる 不気味な兜
簡単には手に入らない貴重な品だ",Armor_171_Head,-,-,-,-,-,Phantom,047,101
Phantom Armor,,-,"Myths abound about armored phantoms that
terrorized brave heroes. This piece looks
just like the armor they supposedly wore.
It's a rather rare find.",Body,Phantom Armor,Treasure Chest (Tamio River Downstream Cave),-,Bargainer Statue Shop,-,400,600,-,-,-,-,Attack Up,,-,-,Frighten People,FALSE,8,-,-,-,-,-,-,-,-,-,-,-,-,-,-,-,-,-,-,-,-,-,-,-,-,-,-,-,-,ファントムの鎧,"かつて 勇者ですら恐れた 甲冑の魔物が存在した
その魔物がまとっていたと伝えられる 分厚い鎧
簡単には手に入らない貴重な品だ",Armor_171_Upper,-,-,-,-,-,Phantom,087,102
Phantom Greaves,,-,"Myths abound about armored phantoms that
terrorized brave heroes. These greaves look
just like the ones they supposedly wore.
They're a rather rare find.",Legs,Phantom Greaves,Treasure Chest (Ancient Altar Ruins),-,Bargainer Statue Shop,-,400,600,-,-,-,-,Attack Up,,-,-,Frighten People,FALSE,8,-,-,-,-,-,-,-,-,-,-,-,-,-,-,-,-,-,-,-,-,-,-,-,-,-,-,-,-,ファントムのすねあて,"かつて 勇者ですら恐れた 甲冑の魔物が存在した
その魔物がまとっていたと伝えられる すねあて
簡単には手に入らない貴重な品だ",Armor_171_Lower,-,-,-,-,-,Phantom,125,103
Evil Spirit Mask,,-,"Some believe this eerie mask is inspirited by a
malevolent entity. It's a rather rare find.",Head,Evil Spirit Mask,Treasure Chest (South Lomei Depths Labyrinth),-,Bargainer Statue Shop,-,400,600,-,-,-,-,Stealth Up,,-,Disguise; Bone Weap. Prof.,Frighten People,FALSE,4,-,-,-,-,-,-,-,-,-,-,-,-,-,-,-,-,-,-,-,-,-,-,-,-,-,-,-,-,異次元悪霊の兜,"異次元から現れた悪霊が
まとっていたと伝えられる 不気味な兜
簡単には手に入らない貴重な品だ",Armor_180_Head,-,-,-,-,-,PhantomGanon,048,104
Evil Spirit Armor,,-,"Some believe this armor is inspirited by a
malevolent entity. It's a rather rare find.",Body,Evil Spirit Armor,Treasure Chest (Lomei Depths Labyrinth),-,Bargainer Statue Shop,-,400,600,-,-,-,-,Stealth Up,,-,Disguise; Bone Weap. Prof.,Frighten People,FALSE,4,-,-,-,-,-,-,-,-,-,-,-,-,-,-,-,-,-,-,-,-,-,-,-,-,-,-,-,-,異次元悪霊の鎧,"異次元から現れた悪霊が
まとっていたと伝えられる 鎧装束
簡単には手に入らない貴重な品だ",Armor_180_Upper,-,-,-,-,-,PhantomGanon,088,105
Evil Spirit Greaves,,-,"Some believe these greaves are inspirited by
a malevolent entity. They're a rather rare find.",Legs,Evil Spirit Greaves,Treasure Chest (North Lomei Depths Labyrinth),-,Bargainer Statue Shop,-,400,600,-,-,-,-,Stealth Up,,-,Disguise; Bone Weap. Prof.,Frighten People,FALSE,4,-,-,-,-,-,-,-,-,-,-,-,-,-,-,-,-,-,-,-,-,-,-,-,-,-,-,-,-,異次元悪霊のすねあて,"異次元から現れた悪霊が
まとっていたと伝えられる すねあて
簡単には手に入らない貴重な品だ",Armor_180_Lower,-,-,-,-,-,PhantomGanon,126,106
Sheik's Mask,,-,"A mask said to have been worn by a Sheikah
who saved a time-traveling hero. Made from
the finest of Sheikah stealth fabrics, it is
the final word in undercover gear.",Head,Sheik's Mask,Treasure Chest (Desert Coliseum),Sheik amiibo,Bargainer Statue Shop,-,400,600,650,750,950,1450,Stealth Up,,-,-,-,FALSE,2,4,6,9,16,Silent Princess,1,Star Fragment,1,-,-,Silent Princess,2,Star Fragment,2,-,-,Silent Princess,4,Star Fragment,3,-,-,Silent Princess,8,Star Fragment,4,-,-,シークのマスク,"時を超えて旅をした勇者を助けたシーカー族が
身に着けていたとされるマスク 静粛性が高い
シーカーの布が使われており 隠密行動に最適",Armor_220_Head,Armor_221_Head,Armor_222_Head,Armor_223_Head,Armor_224_Head,-,SheikMark,049,107
Dark Hood,,-,"Headwear obtained by offering Poes to a
strange statue. It resembles the head of a
monster born of shadow, and its eyes glow
eerie red in the dark.",Head,-,Bargainer Statue Shop (Find 5),-,-,-,300,600,-,-,-,-,-,-,-,Night Speed Up,Frighten People,FALSE,3,-,-,-,-,-,-,-,-,-,-,-,-,-,-,-,-,-,-,-,-,-,-,-,-,-,-,-,-,ダークヘッド,"奇妙な像にポゥを捧げる事で得られる防具
影から生まれた魔物を象ったといわれる
赤い眼は 闇の中でも怪しく光る",Armor_160_Head,-,-,-,-,-,Dark,050,108
Dark Tunic,,-,"A tunic obtained by offering Poes to a strange
statue. It's a spurious replica of the green
outfit once worn by a legendary hero.",Body,-,Bargainer Statue Shop,-,-,-,150,600,-,-,-,-,-,-,-,Night Speed Up,Frighten People,FALSE,3,-,-,-,-,-,-,-,-,-,-,-,-,-,-,-,-,-,-,-,-,-,-,-,-,-,-,-,-,ダークボディ,"奇妙な像にポゥを捧げる事で得られる服
勇者が身に着けていたといわれる
緑の服とは似て非なる物",Armor_160_Upper,-,-,-,-,-,Dark,089,109
Dark Trousers,,-,"Trousers obtained by offering Poes to a
strange statue. They look normal at first, but
on closer inspection they resemble the legs
of a monster born of shadow.",Legs,-,Bargainer Statue Shop (Find 3),-,-,-,200,600,-,-,-,-,-,-,-,Night Speed Up,Frighten People,FALSE,3,-,-,-,-,-,-,-,-,-,-,-,-,-,-,-,-,-,-,-,-,-,-,-,-,-,-,-,-,ダークレッグ,"奇妙な像にポゥを捧げる事で得られる防具
一見 普通の黒いズボンだが 影から生まれた
魔物を模して作られたといわれる",Armor_160_Lower,-,-,-,-,-,Dark,127,110
Fierce Deity Mask,,-,"Legends say this mask was once worn by a
hero from a world in which the moon
threatened to fall. It looks scary, but wearing
it offers fierce, godlike power.",Head,Fierce Deity Mask,Treasure Chest (Misko's Treasure: The Fierce Deity),Majora's Mask amiibo,Bargainer Statue Shop,-,400,600,650,750,950,1450,Attack Up,,-,Charge Atk. Stamina Up,-,FALSE,3,5,8,12,20,Hinox Toenail,5,Dinraal's Scale,1,-,-,Hinox Tooth,5,Dinraal's Claw,1,-,-,Hinox Guts,2,Shard of Dinraal's Fang,1,-,-,Lynel Guts,2,Dinraal's Horn,1,-,-,鬼神帽子,"月が落ちてくる世界の勇者が持っていた防具
見た目はちょっと怖いが 身に着けると鬼神の
ごとき力が湧いてくる",Armor_225_Head,Armor_226_Head,Armor_227_Head,Armor_228_Head,Armor_229_Head,-,Kishin,051,111
Fierce Deity Armor,,-,"Legend has it this armor once belonged to
the hero of a world in which the moon
threatened to fall. When you wear it, you feel
a fierce, godlike power flow through you.",Body,Fierce Deity Armor,Treasure Chest (Misko's Treasure: The Fierce Deity),Majora's Mask amiibo,Bargainer Statue Shop,-,400,600,650,750,950,1450,Attack Up,,-,Charge Atk. Stamina Up,-,FALSE,3,5,8,12,20,Hinox Toenail,5,Naydra's Scale,1,-,-,Hinox Tooth,5,Naydra's Claw,1,-,-,Hinox Guts,2,Shard of Naydra's Fang,1,-,-,Lynel Guts,2,Naydra's Horn,1,-,-,鬼神服,"月が落ちてくる世界の勇者が持っていた服
身に着けると 鬼神のごとき力が湧いてくる",Armor_225_Upper,Armor_226_Upper,Armor_227_Upper,Armor_228_Upper,Armor_229_Upper,-,Kishin,090,112
Fierce Deity Boots,,-,"According to legend, these boots were once
worn by a hero from a world in which the
moon threatened to fall. Wearing them
provides godlike power.",Legs,Fierce Deity Boots,Treasure Chest (Misko's Treasure: The Fierce Deity),Majora's Mask amiibo,Bargainer Statue Shop,-,400,600,650,750,950,1450,Attack Up,,-,Charge Atk. Stamina Up,-,FALSE,3,5,8,12,20,Hinox Toenail,5,Farosh's Scale,1,-,-,Hinox Tooth,5,Farosh's Claw,1,-,-,Hinox Guts,2,Shard of Farosh's Fang,1,-,-,Lynel Guts,2,Farosh's Horn,1,-,-,鬼神ブーツ,"月が落ちてくる世界の勇者が持っていたブーツ
身に着けると 鬼神のごとき力が湧いてくる",Armor_225_Lower,Armor_226_Lower,Armor_227_Lower,Armor_228_Lower,Armor_229_Lower,-,Kishin,128,113
Mask of Awakening,,-,"Legend says this mask resembles a hero
who explored a mysterious island that one
could visit but not leave. The item makes one
want to wear it but also not wear it.",Head,Mask of Awakening,Treasure Chest (Misko's Treasure of Awakening III),Link's Awakening amiibo,Bargainer Statue Shop,-,400,600,650,750,950,1450,-,-,-,Attack Up,-,FALSE,3,5,8,12,20,Luminous Stone,10,Star Fragment,1,-,-,Luminous Stone,15,Star Fragment,1,-,-,Luminous Stone,20,Star Fragment,1,-,-,Luminous Stone,30,Star Fragment,1,-,-,夢見の勇者の面,"一度入ると出られない不思議な島を冒険した
勇者を模したといわれている面
ずっと被っていたい気も 早く取りたい気もする",Armor_1096_Head,Armor_1097_Head,Armor_1098_Head,Armor_1099_Head,Armor_1100_Head,-,Awakening,052,114
Tunic of Awakening,,-,"Legend says this armor was worn by a hero
who explored a mysterious island that one
could visit but not leave. The item makes one
want to wear it but also not wear it.",Body,Tunic of Awakening,Treasure Chest (Misko's Treasure of Awakening I),Link's Awakening amiibo,Bargainer Statue Shop,-,400,600,650,750,950,1450,-,-,-,Attack Up,-,FALSE,3,5,8,12,20,Luminous Stone,10,Star Fragment,1,-,-,Luminous Stone,15,Star Fragment,1,-,-,Luminous Stone,20,Star Fragment,1,-,-,Luminous Stone,30,Star Fragment,1,-,-,夢見の勇者服,"一度入ると出られない不思議な島を冒険した
勇者が身に着けたといわれている 緑の服
ずっと着ていたい気も 早く脱ぎたい気もする",Armor_1096_Upper,Armor_1097_Upper,Armor_1098_Upper,Armor_1099_Upper,Armor_1100_Upper,-,Awakening,091,115
Trousers of Awakening,,-,"Legend says these trousers were worn by a
hero who explored a mysterious island that
one could visit but not leave. The item makes
one want to wear it but also not wear it.",Legs,Trousers of Awakening,Treasure Chest (Misko's Treasure of Awakening II),Link's Awakening amiibo,Bargainer Statue Shop,-,400,600,650,750,950,1450,-,-,-,Attack Up,-,FALSE,3,5,8,12,20,Luminous Stone,10,Star Fragment,1,-,-,Luminous Stone,15,Star Fragment,1,-,-,Luminous Stone,20,Star Fragment,1,-,-,Luminous Stone,30,Star Fragment,1,-,-,夢見の勇者ズボン,"一度入ると出られない不思議な島を冒険した
勇者が身に着けたといわれている ズボン
ずっと履いていたい気も 早く脱ぎたい気もする",Armor_1096_Lower,Armor_1097_Lower,Armor_1098_Lower,Armor_1099_Lower,Armor_1100_Lower,-,Awakening,129,116
Cap of the Wild,,-,"According to legend, this cap was crafted for
a hero who travels the wild lands. Wearing it
just feels so right.",Head,Cap of the Wild,Treasure Chest (Hebra Dark Skeleton),-,Bargainer Statue Shop,-,400,600,650,750,950,1450,-,-,-,Attack Up,-,TRUE,4,7,12,18,28,Acorn,10,Farosh's Scale,2,-,-,Courser Bee Honey,5,Farosh's Claw,2,-,-,Energetic Rhino Beetle,3,Shard of Farosh's Fang,2,Shard of Farosh's Spike,5,Star Fragment,3,Farosh's Horn,2,Shard of Farosh's Spike,10,息吹の勇者帽子,"荒野を旅する勇者のために 
あつらえられたと いわれている帽子
なぜだか とてもしっくりくる被り心地がする",Armor_005_Head,Armor_035_Head,Armor_039_Head,Armor_060_Head,Armor_061_Head,-,Korok,053,117
Tunic of the Wild,,-,"This armor was apparently crafted for a hero
who travels the wilds. Strangely enough, it's
just your size.",Body,Tunic of the Wild,Treasure Chest (Gerudo Dark Skeleton),-,Bargainer Statue Shop,-,400,600,650,750,950,1450,-,-,-,Attack Up,-,TRUE,4,7,12,18,28,Acorn,10,Naydra's Scale,2,-,-,Courser Bee Honey,5,Naydra's Claw,2,-,-,Energetic Rhino Beetle,3,Shard of Naydra's Fang,2,Shard of Naydra's Spike,5,Star Fragment,3,Naydra's Horn,2,Shard of Naydra's Spike,10,息吹の勇者服,"荒野を旅する勇者のために 
あつらえられたといわれている 緑の服
着てみると とてもぴったりなサイズ",Armor_005_Upper,Armor_035_Upper,Armor_039_Upper,Armor_060_Upper,Armor_061_Upper,-,Korok,092,118
Trousers of the Wild,,-,"Legends say these pants were tailored for a
hero who travels the wilderness. Strangely
enough, they're the most comfortable pair of
pants you've ever worn.",Legs,Trousers of the Wild,Treasure Chest (Eldin Dark Skeleton),-,Bargainer Statue Shop,-,400,600,650,750,950,1450,-,-,-,Attack Up,-,TRUE,4,7,12,18,28,Acorn,10,Dinraal's Scale,2,-,-,Courser Bee Honey,5,Dinraal's Claw,2,-,-,Energetic Rhino Beetle,3,Shard of Dinraal's Fang,2,Shard of Dinraal's Spike,5,Star Fragment,3,Dinraal's Horn,2,Shard of Dinraal's Spike,10,息吹の勇者ズボン,"荒野を旅する勇者のために 
あつらえられたと いわれているズボン
サイズもちょうど良く 履き心地が抜群",Armor_005_Lower,Armor_035_Lower,Armor_039_Lower,Armor_060_Lower,Armor_061_Lower,-,Korok,130,119
Cap of the Hero,,-,"According to legend, this cap was once
treasured by an ancient hero. It's quite the
simple cap, yet there's something about it
that's just so appealing...",Head,Cap of the Hero,Treasure Chest (Tuft Canyon Mine),8-bit Link amiibo,Bargainer Statue Shop,-,400,600,650,750,950,1450,-,-,-,Attack Up,-,FALSE,3,5,8,12,20,Ruby,1,Star Fragment,1,-,-,Ruby,4,Star Fragment,1,-,-,Ruby,6,Star Fragment,1,-,-,Ruby,10,Star Fragment,1,-,-,始まりの勇者帽子,"古の時代の勇者が
愛用したといわれている帽子
簡素な作りだが そこが魅力に感じられる逸品",Armor_230_Head,Armor_231_Head,Armor_232_Head,Armor_233_Head,Armor_234_Head,-,Zelda1,054,120
Tunic of the Hero,,-,"Legend has it this armor was once cherished
by a hero from ancient times. Its design is
rather simple, but it's such a traditional look.",Body,Tunic of the Hero,Treasure Chest (Dueling Canyons Mine),8-bit Link amiibo,Bargainer Statue Shop,-,400,600,650,750,950,1450,-,-,-,Attack Up,-,FALSE,3,5,8,12,20,Ruby,1,Star Fragment,1,-,-,Ruby,4,Star Fragment,1,-,-,Ruby,6,Star Fragment,1,-,-,Ruby,10,Star Fragment,1,-,-,始まりの勇者服,"古の時代の勇者が
愛用したといわれている 緑の服
シンプルなデザインだが 伝統を感じる逸品",Armor_230_Upper,Armor_231_Upper,Armor_232_Upper,Armor_233_Upper,Armor_234_Upper,-,Zelda1,093,121
Trousers of the Hero,,-,"Legends say these trousers were favored by
a hero from an ancient age. Their simple
design is a rare aesthetic these days, but
there's something classic about them.",Legs,Trousers of the Hero,Treasure Chest (Corvash Canyon Mine),8-bit Link amiibo,Bargainer Statue Shop,-,400,600,650,750,950,1450,-,-,-,Attack Up,-,FALSE,3,5,8,12,20,Ruby,1,Star Fragment,1,-,-,Ruby,4,Star Fragment,1,-,-,Ruby,6,Star Fragment,1,-,-,Ruby,10,Star Fragment,1,-,-,始まりの勇者ズボン,"古の時代の勇者が
愛用したといわれているズボン
飾り気のない作りだが そこに味わいのある逸品",Armor_230_Lower,Armor_231_Lower,Armor_232_Lower,Armor_233_Lower,Armor_234_Lower,-,Zelda1,131,122
Cap of Time,,-,"According to legend, this cap was once
worn by a hero who traveled through time.
A truly timeless item perfect for kids and
adults alike!",Head,Cap of Time,Treasure Chest (Sturnida Lavafalls),Ocarina of Time / Smash Young Link amiibo,Bargainer Statue Shop,-,400,600,650,750,950,1450,-,-,-,Attack Up,-,FALSE,3,5,8,12,20,Amber,10,Star Fragment,1,-,-,Amber,20,Star Fragment,1,-,-,Amber,30,Star Fragment,1,-,-,Amber,40,Star Fragment,1,-,-,時の勇者帽子,"時を超えて旅をした勇者が 
身に着けていたといわれる帽子 
子供でも大人でも被りたくなる逸品",Armor_200_Head,Armor_201_Head,Armor_202_Head,Armor_203_Head,Armor_204_Head,-,OcarinaOfTime,055,123
Tunic of Time,,-,"Legend has it this armor was once worn by a
hero who traveled through time. Strangely,
its special design is fitted for children and
adults alike.",Body,Tunic of Time,Treasure Chest (Lindor Canyon Mine),Ocarina of Time / Smash Young Link amiibo,Bargainer Statue Shop,-,400,600,650,750,950,1450,-,-,-,Attack Up,-,FALSE,3,5,8,12,20,Amber,10,Star Fragment,1,-,-,Amber,20,Star Fragment,1,-,-,Amber,30,Star Fragment,1,-,-,Amber,40,Star Fragment,1,-,-,時の勇者服,"時を超えて旅をした勇者が 
身に着けていたといわれる 緑の服
年齢を問わずに着る事ができるデザイン",Armor_200_Upper,Armor_201_Upper,Armor_202_Upper,Armor_203_Upper,Armor_204_Upper,-,OcarinaOfTime,094,124
Trousers of Time,,-,"Legends say these trousers were once worn
by a hero who traveled through time. They
were originally made by a people who made
their home in the forest.",Legs,Trousers of Time,Treasure Chest (Gerudo Canyon Mine),Ocarina of Time / Smash Young Link amiibo,Bargainer Statue Shop,-,400,600,650,750,950,1450,-,-,-,Attack Up,-,FALSE,3,5,8,12,20,Amber,10,Star Fragment,1,-,-,Amber,20,Star Fragment,1,-,-,Amber,30,Star Fragment,1,-,-,Amber,40,Star Fragment,1,-,-,時の勇者ズボン,"時を超えて旅をした勇者が 
身に着けていたといわれるズボン
元々は森の民が作った物らしい",Armor_200_Lower,Armor_201_Lower,Armor_202_Lower,Armor_203_Lower,Armor_204_Lower,-,OcarinaOfTime,132,125
Cap of the Wind,,-,"According to legend, this cap was treasured
by a hero who traveled the Great Sea. It
flaps quite serenely in a soft sea breeze.",Head,Cap of the Wind,Treasure Chest (Davdi Island Depths),Toon Link / Smash Toon Link amiibo,Bargainer Statue Shop,-,400,600,650,750,950,1450,-,-,-,Attack Up,-,FALSE,3,5,8,12,20,Opal,5,Star Fragment,1,-,-,Opal,10,Star Fragment,1,-,-,Opal,15,Star Fragment,1,-,-,Opal,25,Star Fragment,1,-,-,風の勇者帽子,"大海原を旅した勇者が
愛用したといわれている帽子
やさしい潮風にも良くなびく",Armor_205_Head,Armor_206_Head,Armor_207_Head,Armor_208_Head,Armor_209_Head,-,WindWaker,056,126
Tunic of the Wind,,-,"Legend has it this armor was once cherished
by a hero who sailed the Great Sea. It's said
to have been a gift from his grandmother.",Body,Tunic of the Wind,Treasure Chest (Cuho Canyon Mine),Toon Link / Smash Toon Link amiibo,Bargainer Statue Shop,-,400,600,650,750,950,1450,-,-,-,Attack Up,-,FALSE,3,5,8,12,20,Opal,5,Star Fragment,1,-,-,Opal,10,Star Fragment,1,-,-,Opal,15,Star Fragment,1,-,-,Opal,25,Star Fragment,1,-,-,風の勇者服,"大海原を旅した勇者が
愛用したといわれている 緑の服
祖母から贈られた品だといわれている",Armor_205_Upper,Armor_206_Upper,Armor_207_Upper,Armor_208_Upper,Armor_209_Upper,-,WindWaker,095,127
Trousers of the Wind,,-,"Legends say these trousers were cherished
by a hero who sailed the Great Sea. They're
water-resistant, naturally.",Legs,Trousers of the Wind,Treasure Chest (Cresia Pit Mine),Toon Link / Smash Toon Link amiibo,Bargainer Statue Shop,-,400,600,650,750,950,1450,-,-,-,Attack Up,-,FALSE,3,5,8,12,20,Opal,5,Star Fragment,1,-,-,Opal,10,Star Fragment,1,-,-,Opal,15,Star Fragment,1,-,-,Opal,25,Star Fragment,1,-,-,風の勇者ズボン,"大海原を旅した勇者が
愛用したといわれているズボン
多少水に濡れても 平気な作りになっている",Armor_205_Lower,Armor_206_Lower,Armor_207_Lower,Armor_208_Lower,Armor_209_Lower,-,WindWaker,133,128
Cap of Twilight,,-,"According to legend, this cap was once worn
by a hero who battled the monsters of
twilight. For one reason or another, it
seems to smell of some beast...",Head,Cap of Twilight,Treasure Chest (Gleeok Den),Twilight Princess Link / Smash Link amiibo,Bargainer Statue Shop,-,400,600,650,750,950,1450,-,-,-,Attack Up,-,FALSE,3,5,8,12,20,Topaz,1,Star Fragment,1,-,-,Topaz,4,Star Fragment,1,-,-,Topaz,6,Star Fragment,1,-,-,Topaz,10,Star Fragment,1,-,-,黄昏の勇者帽子,"黄昏の魔物と戦った勇者が
身に着けていたといわれる帽子
なぜだか ちょっと獣の臭いがする",Armor_210_Head,Armor_211_Head,Armor_212_Head,Armor_213_Head,Armor_214_Head,-,TwilightPrincess,057,129
Tunic of Twilight,,-,"Legend has it this armor was once worn by
a hero who battled the monsters of twilight.
There still seems to be some hair clinging
to it... Looks like it may be from a wolf?",Body,Tunic of Twilight,Treasure Chest (Rist Mine),Twilight Princess Link / Smash Link amiibo,Bargainer Statue Shop,-,400,600,650,750,950,1450,-,-,-,Attack Up,-,FALSE,3,5,8,12,20,Topaz,1,Star Fragment,1,-,-,Topaz,4,Star Fragment,1,-,-,Topaz,6,Star Fragment,1,-,-,Topaz,10,Star Fragment,1,-,-,黄昏の勇者服,"黄昏の魔物と戦った勇者が
身に着けていたといわれる 緑の服
よく見ると 狼の毛が少し付いている",Armor_210_Upper,Armor_211_Upper,Armor_212_Upper,Armor_213_Upper,Armor_214_Upper,-,TwilightPrincess,096,130
Trousers of Twilight,,-,"Legends say these trousers were once worn
by a hero who battled the beasts of twilight.
The insides are lined with cozy wolf fur.",Legs,Trousers of Twilight,Treasure Chest (Ancient Underground Fortress),Twilight Princess Link / Smash Link amiibo,Bargainer Statue Shop,-,400,600,650,750,950,1450,-,-,-,Attack Up,-,FALSE,3,5,8,12,20,Topaz,1,Star Fragment,1,-,-,Topaz,4,Star Fragment,1,-,-,Topaz,6,Star Fragment,1,-,-,Topaz,10,Star Fragment,1,-,-,黄昏の勇者ズボン,"黄昏の魔物と戦った勇者が
身に着けていたといわれるズボン
内側には少しだけ 狼の毛が付いている",Armor_210_Lower,Armor_211_Lower,Armor_212_Lower,Armor_213_Lower,Armor_214_Lower,-,TwilightPrincess,134,131
Cap of the Sky,,-,"According to legend, this cap was once worn
by a hero who appeared from the sky riding
a mighty bird. Perfect for those who long
to take to the skies.",Head,Cap of the Sky,Treasure Chest (Retsam Grove),Skyward Sword Link amiibo,Bargainer Statue Shop,-,400,600,650,750,950,1450,-,-,-,Attack Up,-,FALSE,3,5,8,12,20,Sapphire,1,Star Fragment,1,-,-,Sapphire,4,Star Fragment,1,-,-,Sapphire,6,Star Fragment,1,-,-,Sapphire,10,Star Fragment,1,-,-,大空の勇者帽子,"鳥に乗って空から現れた勇者が
いつも被っていたといわれている帽子
大空を飛ぶ際にぴったりの逸品",Armor_215_Head,Armor_216_Head,Armor_217_Head,Armor_218_Head,Armor_219_Head,-,SkywardSword,058,132
Tunic of the Sky,,-,"Legend has it this armor was once worn by a
hero who appeared from the sky riding atop
a mighty bird. Apparently it was presented to
celebrate the completion of a ceremony.",Body,Tunic of the Sky,Treasure Chest (Minshi Grove),Skyward Sword Link amiibo,Bargainer Statue Shop,-,400,600,650,750,950,1450,-,-,-,Attack Up,-,FALSE,3,5,8,12,20,Sapphire,1,Star Fragment,1,-,-,Sapphire,4,Star Fragment,1,-,-,Sapphire,6,Star Fragment,1,-,-,Sapphire,10,Star Fragment,1,-,-,大空の勇者服,"鳥に乗って空から現れた勇者が
いつも着ていたといわれている 緑の服
儀式の祝いとして贈られた品だといわれている",Armor_215_Upper,Armor_216_Upper,Armor_217_Upper,Armor_218_Upper,Armor_219_Upper,-,SkywardSword,097,133
Trousers of the Sky,,-,"Legends say these trousers were once worn
by a hero who appeared from the sky riding
a mighty bird. It was the official garb of a
certain order of knights.",Legs,Trousers of the Sky,Treasure Chest (Crenel Canyon Mine),Skyward Sword Link amiibo,Bargainer Statue Shop,-,400,600,650,750,950,1450,-,-,-,Attack Up,-,FALSE,3,5,8,12,20,Sapphire,1,Star Fragment,1,-,-,Sapphire,4,Star Fragment,1,-,-,Sapphire,6,Star Fragment,1,-,-,Sapphire,10,Star Fragment,1,-,-,大空の勇者ズボン,"鳥に乗って空から現れた勇者が
いつも履いていたといわれているズボン
騎士団の制服だったらしい",Armor_215_Lower,Armor_216_Lower,Armor_217_Lower,Armor_218_Lower,Armor_219_Lower,-,SkywardSword,135,134
Ancient Hero's Aspect,,-,"This item is said to contain the spirit of a hero
who once saved Hyrule. That hero's aura will
envelop the wearer.",All,Ancient Hero's Aspect,"Treasure Chest (Temple of Time, Complete All 152 Shrines)",-,-,-,-,-,-,-,-,-,-,-,-,Master Sword Beam Up,-,FALSE,12,21,36,54,84,Silver Bokoblin Horn,9,Hinox Guts,9,Zonaite,15,Silver Moblin Horn,9,Frox Guts,9,Large Zonaite,10,Silver Lizalfos Horn,9,Molduga Guts,9,Large Zonaite,15,Silver Lynel Saber Horn,9,Silver Lynel Mace Horn,9,Gleeok Guts,9,古の勇者の魂,"かつてハイラルを救ったとされる勇者の魂
その魂を身に宿す事で 霊気をまとい
姿かたちを模す事ができる",Armor_1036_Head,Armor_1037_Head,Armor_1038_Head,Armor_1039_Head,Armor_1040_Head,-,AncientHeroSoul,059,135