Recipe #,Name,Inventory Icon,Caption,Required Ingredient 1,Required Ingredient 2,Required Ingredient 3,Required Ingredient 4,Required Ingredient 5,Cooking Method,Effect,Effect Level,Effect Duration,Base Hearts Recovered,Base Sell Price,Buy Price,Fusable,Fuse Attack Power,Fuse Property 1,Fuse Property 2,Fuse Property 3,Fuse Property 4,Fuse Property 5,Destroyed on Hit,Eat Animation,Caption (Elixir Level 2),Caption (Elixir Level 3),Name (Japanese),Caption (Japanese),ActorName,ActorName (Level 1),ActorName (Level 2),ActorName (Level 3)
001,Mushroom Skewer,,"This simple mushroom-packed skewer has its
colorful presentation to thank for its appeal.",Mushroom,-,-,-,-,Cooking Pot,-,-,-,-,1,-,-,-,-,-,-,-,-,-,EatCookingSkewer,-,-,串焼きキノコ,"キノコの風味が香るシンプルな串焼き
カラフルな見た目が食欲をそそる",Item_Cook_A_01,-,-,-
002,Meat and Mushroom Skewer,,"A filling dish made by grilling various
mountain ingredients with meat.",Mushroom,Meat,-,-,-,Cooking Pot,-,-,-,-,1,-,-,-,-,-,-,-,-,-,EatCookingSkewer,-,-,串焼き肉キノコ添え,"新鮮な肉をメインに 山の恵みをふんだんに使った
ボリューム満点の串焼き料理",Item_Cook_A_09,-,-,-
003,Fish and Mushroom Skewer,,"A simple dish made by cooking skewered
fresh fish alongside fragrant mushrooms.",Mushroom,Fish,-,-,-,Cooking Pot,-,-,-,-,1,-,-,-,-,-,-,-,-,-,EatCookingSkewer,-,-,串焼き魚キノコ添え,"新鮮な魚の串焼きに香りの高いキノコを添えた
シンプルながら味わい深い料理",Item_Cook_A_08,-,-,-
004,Meat Skewer,,"A juicy, filling snack made by grilling small
chunks of meat on a skewer.",Meat,-,-,-,-,Cooking Pot,-,-,-,-,1,-,-,-,-,-,-,-,-,-,EatCookingSkewer,-,-,串焼き肉,"大自然の恵み ケモノ肉を
豪快に焼き上げたジューシーな串焼き",Item_Cook_B_06,-,-,-
005,Fish Skewer,,"A simple dish made by cooking chunks of
fresh fish on a skewer.",Fish,-,-,-,-,Cooking Pot,-,-,-,-,1,-,-,-,-,-,-,-,-,-,EatCookingSkewer,-,-,串焼き魚,"採れたての魚を串に刺して焼き上げた
シンプルながらもっとも魚の味を楽しめる料理",Item_Cook_B_05,-,-,-
006,Seafood Skewer,,"A skewer of delicious roasted fish
and shellfish.",Seafood,-,-,-,-,Cooking Pot,-,-,-,-,1,-,-,-,-,-,-,-,-,-,EatCookingSkewer,-,-,魚貝串焼き,"魚や貝などの素材を組み合わせた串焼き
魚介の旨味が堪能できる料理",Item_Cook_B_23,-,-,-
007,Copious Meat Skewers,,"Just shove a bunch of meat onto a skewer,
and you're good to go.",Meat,Meat,Meat,Meat,-,Cooking Pot,-,-,-,-,1,-,-,-,-,-,-,-,-,-,EatCookingSkewer,-,-,山盛串焼き肉,"異なる種類の肉を使った 贅沢な串焼き
焼き肉好きならば 一度は食べてみたい料理",Item_Cook_B_16,-,-,-
008,Copious Seafood Skewers,,"It's just a whole heap of stuff shoved onto a
skewer, but it's still a pretty tasty dish.",Fish,Fish,Fish,Fish,-,Cooking Pot,-,-,-,-,1,-,-,-,-,-,-,-,-,-,EatCookingSkewer,-,-,山盛串焼き魚,"色々な種類の魚を ふんだんに使った串焼き
焼魚好きには たまらない逸品",Item_Cook_B_15,-,-,-
009,Steamed Fruit,,"A regional dish made by steaming near-
ripened fruits in the leaves of fragrant plants.",Plant,Fruit,-,-,-,Cooking Pot,-,-,-,-,1,-,-,-,-,-,-,-,-,-,EatCookingDish,-,-,蒸し焼き果実,"完全に熟す前のフルーツを
香りの高い山菜で包んで蒸し焼きにした郷土料理",Item_Cook_A_03,-,-,-
010,Steamed Tomatoes,,"Tomato cooked while wrapped in a leaf. The
heat brings out its medicinal effect.",Plant,Hylian Tomato,-,-,-,Cooking Pot,-,-,-,-,1,-,-,-,-,-,-,-,-,-,EatCookingDish,-,-,山菜トマト蒸し焼き,"薬効のある植物の葉で トマトを包んで焼いた料理
火を通しているため 消化吸収の効率が高い",Item_Cook_Q_03,-,-,-
011,Steamed Mushrooms,,"A healthy vegetable dish achieved by
steaming mushrooms in plant leaves.",Plant,Mushroom,-,-,-,Cooking Pot,-,-,-,-,1,-,-,-,-,-,-,-,-,-,EatCookingDish,-,-,包み焼きキノコ,"香りの良い山菜でキノコを包んで焼き上げた
ヘルシーな野菜料理",Item_Cook_A_02,-,-,-
012,Steamed Meat,,"This meat dish has been wrapped in fragrant
leaves and steamed to preserve its moisture.",Plant,Meat,-,-,-,Cooking Pot,-,-,-,-,1,-,-,-,-,-,-,-,-,-,EatCookingDish,-,-,包み焼き肉,"肉のうまみを逃がさないよう
香りの良い山菜で包んで焼き上げた蒸し焼き",Item_Cook_A_05,-,-,-
013,Steamed Fish,,"A refined dish made by wrapping a fresh fish
in fragrant wild greens and cooking it.",Plant,Fish,-,-,-,Cooking Pot,-,-,-,-,1,-,-,-,-,-,-,-,-,-,EatCookingDish,-,-,包み焼き魚,"新鮮な魚を香りの強い野草で包み
じっくり焼き上げた手の込んだ料理",Item_Cook_A_04,-,-,-
014,Sautéed Peppers,,"The spiciness of these sautéed peppers has
been broken by the heat for a sweeter taste.",Spicy Pepper,-,-,-,-,Cooking Pot,-,-,-,-,1,-,-,-,-,-,-,-,-,-,EatCookingDish,-,-,炒めポカポカ,"ポカポカ草の実だけで作った珍しい炒め物
辛さの中に かすかなうまみを感じる",Item_Cook_B_21,-,-,-
015,Sautéed Nuts,,"These sautéed tree seeds are the perfect
snack for the busy adventurer on the go!",Nut,-,-,-,-,Cooking Pot,-,-,-,-,1,-,-,-,-,-,-,-,-,-,EatCookingDish,-,-,ナッツ炒め,"森の木の実を香ばしく炒めた かんたん料理
栄養満点で小腹が空いた時にぴったりのおやつ",Item_Cook_B_22,-,-,-
016,Fried Wild Greens,,"A basic vegetable dish made by sautéing
fresh wild plants.",Plant,-,-,-,-,Cooking Pot,-,-,-,-,1,-,-,-,-,-,-,-,-,-,EatCookingDish,-,-,焼き山菜,"一番簡単な野菜料理
フレッシュな野草を さっと炒めた一品",Item_Cook_B_01,-,-,-
017,Copious Fried Wild Greens,,"A healthy dish made by cooking mixed 
greens over a strong flame.",Plant,Plant,Plant,Plant,-,Cooking Pot,-,-,-,-,1,-,-,-,-,-,-,-,-,-,EatCookingDish,-,-,山盛焼き山菜,"体に良い山菜をたくさん使い
強火で焼き上げた体にとても良い料理",Item_Cook_B_11,-,-,-
018,Cooked Stambulb,,"A wild dish of a whole stambulb roasted
with its skin on. Sweet and tasty.",Stambulb,-,-,-,-,Cooking Pot,-,-,-,-,1,-,-,-,-,-,-,-,-,-,EatCookingDish,-,-,丸ごと焼き,"皮に包まれたままのガンバリ草を 丸ごと焼いた
ワイルドな料理 甘くホクホクしておいしい",Item_Cook_Q_06,-,-,-
019,Buttered Stambulb,,"A simple dish of stambulb sautéed with
goat butter. Sweet with a hint of spice.",Stambulb,Goat Butter,-,-,-,Cooking Pot,-,-,-,-,1,-,-,-,-,-,-,-,-,-,EatCookingDish,-,-,バター炒め,"ガンバリ草をヤギのバターで炒めたシンプル料理
塩味と甘味がほど良く 香ばしい風味がたまらない",Item_Cook_Q_07,-,-,-
020,Copious Mushroom Skewers,,"Fans of fungal cuisine can't resist this simple
mushroom-skewer dish. Very filling.",Mushroom,Mushroom,Mushroom,Mushroom,-,Cooking Pot,-,-,-,-,1,-,-,-,-,-,-,-,-,-,EatCookingSkewer,-,-,山盛焼きキノコ,"キノコ好きが最後に行き着くという
シンプルな串焼きキノコ 結構お腹がふくれる",Item_Cook_B_13,-,-,-
021,Spiced Meat Skewer,,"A special Goron spice covers up the scent
of the meat, allowing its flavor to shine.",Raw Meat,Goron Spice,-,-,-,Cooking Pot,-,-,-,-,1,-,-,-,-,-,-,-,-,-,EatCookingSkewer,-,-,ケモノステーキ,"ゴロン族特製のスパイスが 肉の臭み消しになり
素材の旨味が引き立ったステーキ",Item_Cook_P_03,-,-,-
022,Prime Spiced Meat Skewer,,"The simple preparation of this steak dish
belies its complex taste profile.",Raw Prime Meat,Goron Spice,-,-,-,Cooking Pot,-,-,-,-,1,-,-,-,-,-,-,-,-,-,EatCookingSkewer,-,-,上ケモノステーキ,"上質な肉に特製スパイスを効かせたステーキ
シンプルながら奥の深い味を楽しめる",Item_Cook_P_04,-,-,-
023,Gourmet Spiced Meat Skewer,,"The rich aroma and juicy texture of this high-
quality meat puts it in a league of its own.",Raw Gourmet Meat,Goron Spice,-,-,-,Cooking Pot,-,-,-,-,1,-,-,-,-,-,-,-,-,-,EatCookingSkewer,-,-,極上ケモノステーキ,"最高の肉を香辛粉のみで味付けしたステーキ
豊かな香りと濃厚な肉汁は 格別な味わい",Item_Cook_P_05,-,-,-
024,Crab Stir-Fry,,"The Goron spice used in preparing this crab
pairs perfectly with the flavor of its meat.",Crab,Goron Spice,-,-,-,Cooking Pot,-,-,-,-,1,-,-,-,-,-,-,-,-,-,EatCookingDish,-,-,炒めガニ,"ゴロンの香辛粉を効かせたカニの炒め物
スパイシーな味付けは カニの身と相性抜群",Item_Cook_D_10,-,-,-
025,Meat and Seafood Fry,,"A filling dish made by cooking fresh seafood
and meat together.",Meat,Fish,-,-,-,Cooking Pot,-,-,-,-,1,-,-,-,-,-,-,-,-,-,EatCookingDish,-,-,山海焼き,"新鮮な肉や魚をこんがりと焼き上げた
ボリューム満点の料理",Item_Cook_B_17,-,-,-
026,Prime Meat and Seafood Fry,,"This comfort dish is made with choice cuts
of meat and seafood.",Tier 2 Meat,Fish,-,-,-,Cooking Pot,-,-,-,-,1,-,-,-,-,-,-,-,-,-,EatCookingDish,-,-,上山海焼き,"上質な肉と魚を組み合わせた焼きもの
ただの山海焼きより 上品で深い味わい",Item_Cook_B_18,-,-,-
027,Gourmet Meat and Seafood Fry,,"A marriage of the choicest cuts of meat and
seafood. As delicious as it is filling!",Tier 3 Meat,Fish,-,-,-,Cooking Pot,-,-,-,-,1,-,-,-,-,-,-,-,-,-,EatCookingDish,-,-,極上山海焼き,"最上級の肉と新鮮な魚を 一緒に焼き上げた料理
味も食べごたえも まさに極上なひと品",Item_Cook_B_19,-,-,-
028,Salt-Grilled Greens,,"A health-boosting dish made with leafy
greens and a touch of salt.",Plant,Rock Salt,-,-,-,Cooking Pot,-,-,-,-,1,-,-,-,-,-,-,-,-,-,EatCookingDish,-,-,塩焼き山菜,"植物や野菜だけで作った
とっても体によい料理",Item_Cook_D_02,-,-,-
029,Salt-Grilled Mushrooms,,"A basic mushroom dish made by lightly
salting mushrooms and grilling them.",Mushroom,Rock Salt,-,-,-,Cooking Pot,-,-,-,-,1,-,-,-,-,-,-,-,-,-,EatCookingDish,-,-,塩焼きキノコ,"キノコに軽く岩塩をまぶして焼いた
もっともシンプルな料理",Item_Cook_D_01,-,-,-
030,Salt-Grilled Meat,,"Short on ingredients? Just rub some meat in
salt and cook it for a simple, tasty dish.",Tier 1 Meat,Rock Salt,-,-,-,Cooking Pot,-,-,-,-,1,-,-,-,-,-,-,-,-,-,EatCookingDish,-,-,岩塩焼き肉,"分厚い肉に天然の岩塩をまぶして焼き上げた
シンプルだからこそ際立つ素材のおいしさ",Item_Cook_D_04,-,-,-
031,Salt-Grilled Prime Meat,,"A simple yet exquisite dish made by grilling
high-quality meat on top of rock salt.",Tier 2 Meat,Rock Salt,-,-,-,Cooking Pot,-,-,-,-,1,-,-,-,-,-,-,-,-,-,EatCookingDish,-,-,上岩塩焼き肉,"上質な肉を岩塩の上で焼き上げた
シンプルながら贅沢な焼き肉",Item_Cook_D_05,-,-,-
032,Salt-Grilled Gourmet Meat,,"This lavish grilled dish makes liberal use of
high-quality cuts of meat.",Tier 3 Meat,Rock Salt,-,-,-,Cooking Pot,-,-,-,-,1,-,-,-,-,-,-,-,-,-,EatCookingDish,-,-,極上岩塩焼き肉,"貴重な極上肉を使った 最高級焼き肉
素材の味を活かすために 岩塩だけで味付している",Item_Cook_D_06,-,-,-
033,Salt-Grilled Fish,,"A simple dish made by rolling a whole fish in
natural rock salt before grilling it.",Fish,Rock Salt,-,-,-,Cooking Pot,-,-,-,-,1,-,-,-,-,-,-,-,-,-,EatCookingDish,-,-,塩焼き魚,"天然の岩塩をまぶして焼き上げた
シンプルな魚料理 ただ焼いただけで十分おいしい",Item_Cook_D_03,-,-,-
034,Salt-Grilled Crab,,"Nine out of ten fishermen agree crab is best
enjoyed grilled and with just a bit of salt.",Crab,Rock Salt,-,-,-,Cooking Pot,-,-,-,-,1,-,-,-,-,-,-,-,-,-,EatCookingDish,-,-,岩塩焼きガニ,"カニを食べ慣れた漁師が一番おいしいと言うのが
このシンプルな食べ方 ホクホクの身がたまらない",Item_Cook_D_09,-,-,-
035,Herb Sauté,,"A fragrant mixture of herbs and spices.
It's easily recognized by its unique aroma.",Plant,Goron Spice,-,-,-,Cooking Pot,-,-,-,-,1,-,-,-,-,-,-,-,-,-,EatCookingDish,-,-,香草炒め,"香りの強い素材を スパイスと一緒に炒めて作った
野菜炒め 独特の香りがクセになる一品",Item_Cook_P_02,-,-,-
036,Fragrant Mushroom Sauté,,"The fragrant aroma of this sautéed spice and
mushroom dish makes your mouth water.",Mushroom,Goron Spice,-,-,-,Cooking Pot,-,-,-,-,1,-,-,-,-,-,-,-,-,-,EatCookingDish,-,-,香りキノコ炒め,"キノコをスパイスで炒めたひと皿
刺激的な香りが食欲をそそる",Item_Cook_P_01,-,-,-
037,Pepper Steak,,"The meat has been cooked in crushed
peppers to accent its natural taste.",Meat,Spicy Pepper,-,-,-,Cooking Pot,-,-,-,-,1,-,-,-,-,-,-,-,-,-,EatCookingDish,-,-,スパイシー焼き肉,"ポカポカ草の実をすり込んで焼く事で
肉の臭みを消してうま味を引き出した肉料理",Item_Cook_D_07,-,-,-
038,Pepper Seafood,,"The pepper seeds grilled with this seafood
draw out its taste and pleasant aroma.",Fish,Spicy Pepper,-,-,-,Cooking Pot,-,-,-,-,1,-,-,-,-,-,-,-,-,-,EatCookingDish,-,-,スパイシー焼き魚,"ポカポカ草の実を使って魚の臭みを消しつつ
香ばしさを際立たせた焼き料理",Item_Cook_D_08,-,-,-
039,Fragrant Seafood Stew,,"A tasty dish of seafood and stambulb cooked
in oil. Its aroma will whet your appetite.",Fish,Stambulb,Oil Jar,-,-,Cooking Pot,-,-,-,-,1,-,-,-,-,-,-,-,-,-,EatCookingDish,-,-,魚貝オイル煮込み,"海鮮食材をガンバリ草たっぷりのオイルで
煮込んだ料理 強い香りが食欲をかき立てる",Item_Cook_R_05,-,-,-
040,Deep-Fried Drumstick,,"A drumstick fried in high-quality oil. It's full of
out-of-this-world flavor.",Raw Bird Drumstick,Oil Jar,-,-,-,Cooking Pot,-,-,-,-,1,-,-,-,-,-,-,-,-,-,EatCookingSkewer,-,-,トリ肉オイル揚げ,"トリ肉を良質なオイルで揚げた料理
中には肉の旨味が閉じ込められている",Item_Cook_R_06,-,-,-
041,Deep-Fried Thigh,,"A deep-fried bird thigh so good, it's hard to
take bites that aren't too big!",Raw Bird Thigh,Oil Jar,-,-,-,Cooking Pot,-,-,-,-,1,-,-,-,-,-,-,-,-,-,EatCookingSkewer,-,-,上トリ肉オイル揚げ,"質の良いトリ肉を揚げ物にした料理
お腹が空いたら 豪快にかぶりついて食べたい",Item_Cook_R_07,-,-,-
042,Deep-Fried Bird Roast,,"A deep-fried whole bird of the highest grade.
It's a standard item in any celebratory feast.",Raw Whole Bird,Oil Jar,-,-,-,Cooking Pot,-,-,-,-,1,-,-,-,-,-,-,-,-,-,EatCookingSkewer,-,-,極上トリ肉オイル揚げ,"最高級のトリ肉を丸ごと揚げた
お祝いの席では定番の贅沢料理",Item_Cook_R_08,-,-,-
043,Seafood Meunière,,"Rich butter flanks fresh seafood. The secret
ingredient is lots and lots of love.",Fish,Goat Butter,Tabantha Wheat,-,-,Cooking Pot,-,-,-,-,1,-,-,-,-,-,-,-,-,-,EatCookingDish,-,-,魚ムニエル,"新鮮な魚をバターで両面焼き上げた料理
外側をカリッとさせるのが おいしく作るコツ",Item_Cook_H_01,-,-,-
044,Porgy Meunière,,"Popular among residents of coastal regions,
this juicy porgy is a delish dish.",Porgy,Goat Butter,Tabantha Wheat,-,-,Cooking Pot,-,-,-,-,1,-,-,-,-,-,-,-,-,-,EatCookingDish,-,-,鯛ムニエル,"海沿いの地域で好んで食べられる魚料理
新鮮なタイのフワフワした身が美味",Item_Cook_H_02,-,-,-
045,Salmon Meunière,,"The crispy skin of this fried hearty salmon
puts its texture in a class all its own.",Hearty Salmon,Goat Butter,Tabantha Wheat,-,-,Cooking Pot,-,-,-,-,1,-,-,-,-,-,-,-,-,-,EatCookingDish,-,-,サーモンムニエル,"マックスサーモンに小麦粉をまぶし バターで
焼いた料理  皮のパリパリした食感も格別",Item_Cook_H_03,-,-,-
046,Fruit and Mushroom Mix,,"This dish contrasts the sweetness of fruit with
the savoriness of mushrooms.",Mushroom,Fruit,-,-,-,Cooking Pot,-,-,-,-,1,-,-,-,-,-,-,-,-,-,EatCookingDish,-,-,果実のキノコあえ,"焼く事で果実の甘みが凝縮され
独特の食感まで生まれたアイデア料理",Item_Cook_A_07,-,-,-
047,Simmered Fruit,,"This sweet dish is made by heaping tasty
fruits into a pan and simmering until tender.",Fruit,-,-,-,-,Cooking Pot,-,-,-,-,1,-,-,-,-,-,-,-,-,-,EatCookingDish,-,-,煮込み果実,"そのまま食べてもおいしいフルーツを
山盛り入れて煮込んだ甘酸っぱい料理",Item_Cook_B_02,-,-,-
048,Copious Simmered Fruit,,"The flavors of the various fruits in this
simmered dish exist in perfect harmony.",Fruit,Fruit,Fruit,Fruit,-,Cooking Pot,-,-,-,-,1,-,-,-,-,-,-,-,-,-,EatCookingDish,-,-,山盛煮込み果実,"様々な味のフルーツをコトコト煮込んで
甘みが凝縮された贅沢な料理",Item_Cook_B_12,-,-,-
049,Simmered Tomato,,"When simmered until tender, nutritious
tomatoes can give this dish a sour kick.",Hylian Tomato,-,-,-,-,Cooking Pot,-,-,-,-,1,-,-,-,-,-,-,-,-,-,EatCookingDish,-,-,煮込みトマト,"栄養たっぷりのトマトを
柔らかくなるまで煮込んだ酸味のある料理",Item_Cook_Q_01,-,-,-
050,Fruity Tomato Stew,,"A colorful dish, a bounty of fruit simmered
with fresh tomatoes.",Hylian Tomato,Fresh Milk,Rock Salt,-,-,Cooking Pot,-,-,-,-,1,-,-,-,-,-,-,-,-,-,EatCookingDish,-,-,トマトスープ,"みずみずしいトマトを まろやかなミルクで
煮込んだスープ マイルドな酸味で飲みやすい",Item_Cook_Q_02,-,-,-
051,Tomato Mushroom Stew,,"A dish of fragrant mushrooms simmered with
tomato. Healthy and rich in fiber.",Mushroom,Hylian Tomato,-,-,-,Cooking Pot,-,-,-,-,1,-,-,-,-,-,-,-,-,-,EatCookingDish,-,-,キノコのトマト煮込み,"香り高いキノコをトマトで煮込んだ料理
食物繊維たっぷりで とってもヘルシー",Item_Cook_Q_04,-,-,-
052,Tomato Seafood Soup,,"Seafood simmered with tomato. Full of
intense flavor.",Fish,Hylian Tomato,-,-,-,Cooking Pot,-,-,-,-,1,-,-,-,-,-,-,-,-,-,EatCookingDish,-,-,魚貝トマトスープ,"魚や貝といった水産物を トマトと煮込んで
味付けした料理 様々な旨味が凝縮されている",Item_Cook_Q_05,-,-,-
053,Cream of Vegetable Soup,,"Made by simmering vegetables in milk, this
healthy dish is as simple as its ingredients.",Plant,Rock Salt,Fresh Milk,-,-,Cooking Pot,-,-,-,-,1,-,-,-,-,-,-,-,-,-,EatCookingDish,-,-,野菜ミルクスープ,"新鮮な野菜をミルクで煮込んだスープ
シンプルな味付で ヘルシーな仕上がり",Item_Cook_K_07,-,-,-
054,Veggie Cream Soup,,"This creamy soup showcases the sweetness
of vegetables in a veritable taste explosion.",Pumpkin or Carrot,Rock Salt,Fresh Milk,-,-,Cooking Pot,-,-,-,-,1,-,-,-,-,-,-,-,-,-,EatCookingDish,-,-,野菜クリームスープ,"野菜の甘みを味わえるクリーミーなスープ
じっくり煮込んであり 味わいのあるひと皿",Item_Cook_F_03,-,-,-
055,Cream of Mushroom Soup,,"This creamy mushroom-and-vegetable soup
is thick and flavorful. ",Mushroom,Plant,Rock Salt,Fresh Milk,-,Cooking Pot,-,-,-,-,1,-,-,-,-,-,-,-,-,-,EatCookingDish,-,-,キノコミルクスープ,"野菜やキノコを使ったミルクスープ
具だくさんで 食べごたえも十分",Item_Cook_K_06,-,-,-
056,Creamy Meat Soup,,"This nutritious soup contains serious portions
of lightly braised meat and many vegetables.",Meat,Plant,Rock Salt,Fresh Milk,-,Cooking Pot,-,-,-,-,1,-,-,-,-,-,-,-,-,-,EatCookingDish,-,-,肉入りミルクスープ,"軽く炙った肉を豪快に入れたミルクスープ
野菜もたっぷりで 栄養満点のひと品",Item_Cook_F_01,-,-,-
057,Creamy Seafood Soup,,"Thick-cut chunks of seafood and stock
provide a satisfying savoriness.",Fish,Plant,Rock Salt,Fresh Milk,-,Cooking Pot,-,-,-,-,1,-,-,-,-,-,-,-,-,-,EatCookingDish,-,-,魚入りミルクスープ,"ぶつ切りにした魚の身を入れたミルクスープ
ダシが効いて旨味が深くなっている",Item_Cook_F_02,-,-,-
058,Snail Chowder,,"The pleasant texture and flavor of snails
combine with butter and milk in a rich soup.",Sneaky River Snail,Tabantha Wheat,Fresh Milk,Goat Butter,-,Cooking Pot,-,-,-,-,1,-,-,-,-,-,-,-,-,-,EatCookingDish,-,-,貝のチャウダー,"食感の良い貝の旨味をバターとミルクの
濃厚なスープにしっかりと閉じ込めた逸品",Item_Cook_K_04,-,-,-
059,Creamy Heart Soup,,"Enjoying this sweet soup with another person
will bring you both closer together.",Radish,Voltfruit,Hydromelon,Fresh Milk,-,Cooking Pot,-,-,-,-,1,-,-,-,-,-,-,-,-,-,EatCookingDish,-,-,ハートミルクスープ,"フルーツの甘さたっぷりのスープ  二人で一緒に
食べると仲が良くなるというジンクスがある",Item_Cook_F_04,-,-,-
060,Glazed Veggies,,"Don't like the taste of vegetables? Simply
sauté them in honey for a salty-sweet flavor!",Plant,Courser Bee Honey,-,-,-,Cooking Pot,-,-,-,-,1,-,-,-,-,-,-,-,-,-,EatCookingDish,-,-,甘露煮野菜,"ハチミツを使って野菜を甘辛く煮込んだ料理
生では食べにくい野菜もおいしくいただける",Item_Cook_A_14,-,-,-
061,Glazed Mushrooms,,"The honey in this mushroom dish gives it a
sweet, complex taste and a savory finish.",Mushroom,Courser Bee Honey,-,-,-,Cooking Pot,-,-,-,-,1,-,-,-,-,-,-,-,-,-,EatCookingDish,-,-,甘露煮キノコ,"ハチミツを加えて甘辛く煮込んだキノコ料理
濃厚で奥深い味わい",Item_Cook_A_11,-,-,-
062,Glazed Meat,,"The sweetness of the honey permeates the
meat, giving it a complex taste profile.",Meat,Courser Bee Honey,-,-,-,Cooking Pot,-,-,-,-,1,-,-,-,-,-,-,-,-,-,EatCookingDish,-,-,甘露煮肉,"ハチミツの甘さが肉にしみこんで
ただ焼くだけでは味わえない深い味わい",Item_Cook_A_12,-,-,-
063,Glazed Seafood,,"A seafood dish that you can actually
wolf down whole!",Fish,Courser Bee Honey,-,-,-,Cooking Pot,-,-,-,-,1,-,-,-,-,-,-,-,-,-,EatCookingDish,-,-,甘露煮魚,"ハチミツで煮込んだ甘辛い魚料理
柔らかくなった骨まで食べられる",Item_Cook_A_13,-,-,-
064,Curry Rice,,"A favorite all over Hyrule, this simple dish has
a flavor you just won't get tired of.",Hylian Rice,Goron Spice,-,-,-,Cooking Pot,-,-,-,-,1,-,-,-,-,-,-,-,-,-,EatCookingDish,-,-,カレーライス,"子供から大人まで みんなが大好きな定番料理
シンプルで飽きのこない味が楽しめるひと皿",Item_Cook_J_01,-,-,-
065,Vegetable Curry,,"This healthy curry is popular for its mild flavor
and moderate spiciness.",Pumpkin or Carrot,Hylian Rice,Goron Spice,-,-,Cooking Pot,-,-,-,-,1,-,-,-,-,-,-,-,-,-,EatCookingDish,-,-,野菜カレー,"野菜をメインにしたヘルシーなカレー
辛さ控えめの優しい味で 人気が高い",Item_Cook_J_02,-,-,-
066,Meat Curry,,"The heat from the spice allows you to enjoy
the large portion of the meat's savoriness.",Raw Meat,Hylian Rice,Goron Spice,-,-,Cooking Pot,-,-,-,-,1,-,-,-,-,-,-,-,-,-,EatCookingDish,-,-,ケモノ肉カレー,"大きなケモノ肉が入ったワイルドなカレーライス
スパイスの辛さが 肉の旨味を引き立たせている",Item_Cook_J_06,-,-,-
067,Prime Meat Curry,,"The high-quality meat in this curry has given
it a deeper taste than most other curries.",Raw Prime Meat,Hylian Rice,Goron Spice,-,-,Cooking Pot,-,-,-,-,1,-,-,-,-,-,-,-,-,-,EatCookingDish,-,-,上肉カレー,"メインに上質なケモノ肉を使う事で
食べごたえと 味の深みが増したカレー",Item_Cook_J_07,-,-,-
068,Gourmet Meat Curry,,"The high-quality meat used in this prized
dish satisfies meat and curry lovers alike.",Raw Gourmet Meat,Hylian Rice,Goron Spice,-,-,Cooking Pot,-,-,-,-,1,-,-,-,-,-,-,-,-,-,EatCookingDish,-,-,極上肉カレー,"最上級のケモノ肉を豪勢に盛り付けたカレー
カレー好きも肉好きも大満足の逸品",Item_Cook_J_09,-,-,-
069,Poultry Curry,,"The savory meat pairs well with the aroma
of spice in this common curry.",Raw Bird Drumstick,Hylian Rice,Goron Spice,-,-,Cooking Pot,-,-,-,-,1,-,-,-,-,-,-,-,-,-,EatCookingDish,-,-,チキンカレー,"トリ肉をメインにした スタンダードなカレー
トリ肉の旨味がスパイスの香りに良く合う",Item_Cook_J_04,-,-,-
070,Prime Poultry Curry,,"The secret to this curry's flavor is taking it off
the heat while you add the spices.",Raw Bird Thigh,Hylian Rice,Goron Spice,-,-,Cooking Pot,-,-,-,-,1,-,-,-,-,-,-,-,-,-,EatCookingDish,-,-,上チキンカレー,"上質なトリ肉を使ったカレー いったん火を
止めてから香辛粉を入れるのが 深い味わいの秘密",Item_Cook_J_05,-,-,-
071,Gourmet Poultry Curry,,"Once served in Hyrule Castle, the poultry
used in this dish is of immensely high quality.",Raw Whole Bird,Hylian Rice,Goron Spice,-,-,Cooking Pot,-,-,-,-,1,-,-,-,-,-,-,-,-,-,EatCookingDish,-,-,極上チキンカレー,"最高級のトリ肉が 惜しげなく使われたカレー
かつてのハイラル城でも作られたと言われている",Item_Cook_J_08,-,-,-
072,Seafood Curry,,"This dish brims with treasures from the sea.
Its spice packs a kick, so it's not for kids.",Porgy,Hylian Rice,Goron Spice,-,-,Cooking Pot,-,-,-,-,1,-,-,-,-,-,-,-,-,-,EatCookingDish,-,-,海の幸カレー,"海の幸をたっぷり味わえる 贅沢なカレー
辛口な仕上がりが ちょっぴり大人な味わい",Item_Cook_J_03,-,-,-
073,Cheesy Curry,,"Curry with plenty of Hateno cheese, which
balances the spiciness and urges seconds.",Hylian Rice,Hateno Cheese,Goron Spice,-,-,Cooking Pot,-,-,-,-,1,-,-,-,-,-,-,-,-,-,EatCookingDish,-,-,チーズカレー,"ハテノチーズをたっぷり使ったカレー 香辛料の
辛さをチーズでマイルドにまとめた癖になる一品",Item_Cook_S_01,-,-,-
074,Carrot Stew,,"This simple stew sat simmering for a long time
to bring out the sweetness of the carrots.",Carrot,Goat Butter,Fresh Milk,Tabantha Wheat,-,Cooking Pot,-,-,-,-,1,-,-,-,-,-,-,-,-,-,EatCookingDish,-,-,ニンジンシチュー,"ニンジンをたっぷり使ったシチュー
じっくり煮込まれて 独特の甘みが引き立っている",Item_Cook_K_08,-,-,-
075,Pumpkin Stew,,"Simply simmer a pumpkin to make
this dish. A favorite in Kakariko Village.",Pumpkin,Tabantha Wheat,Fresh Milk,Goat Butter,-,Cooking Pot,-,-,-,-,1,-,-,-,-,-,-,-,-,-,EatCookingDish,-,-,カボチャシチュー,"熟したカボチャを長時間煮込んだシチュー
カカリコ村では夕食としてよく作られる",Item_Cook_K_03,-,-,-
076,Meat Stew,,"The hearty meat in this mainstay dish leaves
bellies satisfied all throughout Hyrule.",Tier 1 Meat,Tabantha Wheat,Fresh Milk,Goat Butter,-,Cooking Pot,-,-,-,-,1,-,-,-,-,-,-,-,-,-,EatCookingDish,-,-,肉シチュー,"新鮮な肉をメインにした ハイラルの定番シチュー
食べごたえたっぷりで お腹も満足なひと皿",Item_Cook_K_01,-,-,-
077,Prime Meat Stew,,"Letting the large portions of choice cuts of
meat simmer brought out their savoriness.",Tier 2 Meat,Tabantha Wheat,Fresh Milk,Goat Butter,-,Cooking Pot,-,-,-,-,1,-,-,-,-,-,-,-,-,-,EatCookingDish,-,-,上肉シチュー,"大き目な上質肉を贅沢に使用したシチュー
煮込まれて肉の旨味がさらに凝縮したひと品",Item_Cook_K_02,-,-,-
078,Gourmet Meat Stew,,"The meat has simmered for so long it melts in
your mouth. A true bucket-list meal!",Tier 3 Meat,Tabantha Wheat,Fresh Milk,Goat Butter,-,Cooking Pot,-,-,-,-,1,-,-,-,-,-,-,-,-,-,EatCookingDish,-,-,極上肉シチュー,"煮込まれて最高に柔らかくなった極上の肉が
口の中でとろける 一度は食べたい絶品シチュー",Item_Cook_K_05,-,-,-
079,Meat-Stuffed Pumpkin,,"This hollow, meat-filled pumpkin is a
local specialty of Kakariko Village.",Pumpkin,Meat,-,-,-,Cooking Pot,-,-,-,-,1,-,-,-,-,-,-,-,-,-,EatCookingDish,-,-,肉詰めカボチャ,"カボチャをくり抜いて肉を詰めた料理
カカリコ村の代表的な郷土料理のひとつ",Item_Cook_B_20,-,-,-
080,Vegetable Risotto,,"The sweetness of the ingredients
gives this risotto a mild flavor.",Pumpkin or Carrot,Hylian Rice,Rock Salt,Goat Butter,-,Cooking Pot,-,-,-,-,1,-,-,-,-,-,-,-,-,-,EatCookingDish,-,-,野菜リゾット,"野菜の甘みが堪能できるリゾット
優しい味わいで 子供にも人気なひと皿",Item_Cook_G_13,-,-,-
081,Mushroom Risotto,,"The tantalizing aroma of mushrooms and
butter beckons you to the table.",Mushroom,Hylian Rice,Rock Salt,Goat Butter,-,Cooking Pot,-,-,-,-,1,-,-,-,-,-,-,-,-,-,EatCookingDish,-,-,キノコリゾット,"ハイラル米をじっくりと煮立てた料理
キノコとバターの香りが食欲をそそる",Item_Cook_G_12,-,-,-
082,Salmon Risotto,,"The rice used in this rich risotto permeates
the light flavor of the salmon.",Hearty Salmon,Hylian Rice,Rock Salt,Goat Butter,-,Cooking Pot,-,-,-,-,1,-,-,-,-,-,-,-,-,-,EatCookingDish,-,-,サーモンリゾット,"マックスサーモンの旨味がハイラル米に
しっかりと染み込んだ 濃厚なリゾット",Item_Cook_G_14,-,-,-
083,Crab Risotto,,"An everyday staple of seaside villages, the
secret to its delicious flavor lies in crab fat.",Crab,Hylian Rice,Rock Salt,Goat Butter,-,Cooking Pot,-,-,-,-,1,-,-,-,-,-,-,-,-,-,EatCookingDish,-,-,カニリゾット,"海沿いの村で 家庭料理として作られるリゾット
カニのミソも味付けに使うのが おいしさの秘密",Item_Cook_G_17,-,-,-
084,Cheesy Risotto,,"Rich risotto made with fish or mushroom
mixed with Hylian rice and Hateno cheese.",Fish / Mushroom / Plant,Hateno Cheese,Hylian Rice,Rock Salt,-,Cooking Pot,-,-,-,-,1,-,-,-,-,-,-,-,-,-,EatCookingDish,-,-,チーズリゾット,"魚やキノコなどの具材をハイラル米に混ぜ
ハテノチーズを入れて煮立てた 濃厚なリゾット",Item_Cook_Q_10,-,-,-
085,Poultry Pilaf,,"Sautéed Hylian rice steamed in poultry
broth. Cook on low heat until the rice is fluffy.",Raw Bird Drumstick,Bird Egg,Hylian Rice,Goat Butter,-,Cooking Pot,-,-,-,-,1,-,-,-,-,-,-,-,-,-,EatCookingDish,-,-,チキンピラフ,"炒めたハイラル米を トリ肉のダシ汁で炊いた料理
弱火でじっくり火が通され ふっくらした仕上がり",Item_Cook_E_01,-,-,-
086,Prime Poultry Pilaf,,"The rice permeates the savory taste of the
poultry in this Gerudo-region favorite.",Raw Bird Thigh,Bird Egg,Hylian Rice,Goat Butter,-,Cooking Pot,-,-,-,-,1,-,-,-,-,-,-,-,-,-,EatCookingDish,-,-,上チキンピラフ,"ゲルド地方で好んで作られる米料理
上質なトリ肉の旨味が 米によく染みている",Item_Cook_E_02,-,-,-
087,Gourmet Poultry Pilaf,,"Made with the highest-quality poultry, every
bite of this pilaf floods your mouth with flavor.",Raw Whole Bird,Bird Egg,Hylian Rice,Goat Butter,-,Cooking Pot,-,-,-,-,1,-,-,-,-,-,-,-,-,-,EatCookingDish,-,-,極上チキンピラフ,"極上のトリ肉を 贅沢に盛り付けたピラフ
噛むごとに深い味わいが 口の中に広がる逸品",Item_Cook_E_03,-,-,-
088,Seafood Paella,,"No fisherman's birthday bash would be
complete without this top-shelf seafood dish.",Porgy,Crab,Hylian Rice,Goat Butter,Rock Salt,Cooking Pot,-,-,-,-,1,-,-,-,-,-,-,-,-,-,EatCookingDish,-,-,海鮮パエリア,"贅沢な海鮮食材をたくさん使った特別な料理
漁師たちの祝い事には欠かせないひと品",Item_Cook_N_01,-,-,-
089,Curry Pilaf,,"The Goron spice used in this pilaf has given
it a rich, spicy aroma.",Goron Spice,Hylian Rice,Goat Butter,-,-,Cooking Pot,-,-,-,-,1,-,-,-,-,-,-,-,-,-,EatCookingDish,-,-,カレーピラフ,"ゴロンの香辛粉の香りが豊かなピラフ
マイルドな辛さで 食べやすく仕上げられている",Item_Cook_G_11,-,-,-
090,Fried Egg and Rice,,"The soft egg yolk pairs well with the fresh
rice in this simple dish.",Hylian Rice,Bird Egg,-,-,-,Cooking Pot,-,-,-,-,1,-,-,-,-,-,-,-,-,-,EatCookingDish,-,-,目玉焼きライス,"目玉焼きのとろりとした黄身が 炊き立てのご飯に
とても良く合う シンプルだが奥の深い料理",Item_Cook_E_04,-,-,-
091,Crunchy Fried Rice,,"Hylian rice fried up with meat in high-quality
oil. Each bite is packed with toasty flavor.",Meat,Oil Jar,Hylian Rice,Bird Egg,-,Cooking Pot,-,-,-,-,1,-,-,-,-,-,-,-,-,-,EatCookingDish,-,-,パラパラチャーハン,"ハイラル米と肉を質の良い油で炒めた料理
粒が際立っていて 口の中に香ばしい風味が広がる",Item_Cook_Q_08,-,-,-
092,Seafood Fried Rice,,"Various seafood has been sautéed with rice.
The stronger the flame, the tastier the dish!",Porgy,Hylian Rice,Rock Salt,-,-,Cooking Pot,-,-,-,-,1,-,-,-,-,-,-,-,-,-,EatCookingDish,-,-,海鮮チャーハン,"高級な海の食材を 米と一緒に炒めた一品
強火で炒めるとパラッと美味しく仕上がる",Item_Cook_G_10,-,-,-
093,Crab Omelet with Rice,,"The fluffy crab legs pair perfectly with the
rice for a truly scrumptious dish.",Crab,Bird Egg,Hylian Rice,Rock Salt,-,Cooking Pot,-,-,-,-,1,-,-,-,-,-,-,-,-,-,EatCookingDish,-,-,カニ玉チャーハン,"新鮮なカニの身たっぷりの豪華なチャーハン
ふんわりタマゴとの組み合わせが 絶妙な味わい",Item_Cook_G_16,-,-,-
094,Meat and Rice Bowl,,"This dish of rice and lightly seared meat is a
mainstay all throughout Hyrule.",Raw Meat,Hylian Rice,Rock Salt,-,-,Cooking Pot,-,-,-,-,1,-,-,-,-,-,-,-,-,-,EatCookingDish,-,-,ケモノ肉丼,"さっとあぶったケモノ肉を
ご飯の上に敷き詰めた定番どんぶり料理",Item_Cook_G_05,-,-,-
095,Prime Meat and Rice Bowl,,"This bowl is loaded with high-quality meat.
Your hunt for a serious meal ends here.",Raw Prime Meat,Hylian Rice,Rock Salt,-,-,Cooking Pot,-,-,-,-,1,-,-,-,-,-,-,-,-,-,EatCookingDish,-,-,上ケモノ肉丼,"上質なケモノ肉を豪快に盛り付けた どんぶり
ガッツリ食べたい時にぴったり",Item_Cook_G_06,-,-,-
096,Gourmet Meat and Rice Bowl,,"Only the most carefully selected cuts of high-
quality meats go into this dish.",Raw Gourmet Meat,Hylian Rice,Rock Salt,-,-,Cooking Pot,-,-,-,-,1,-,-,-,-,-,-,-,-,-,EatCookingDish,-,-,極上ケモノ肉丼,"極上のケモノ肉を選りすぐって使った 究極の肉丼
肉の旨味をシンプルかつ大胆に味わえる逸品",Item_Cook_G_09,-,-,-
097,Cheesy Meat Bowl,,"A high-calorie dish with meat and plenty of
cheese. A great dish for very hungry diners.",Raw Meat,Hylian Rice,Hateno Cheese,Rock Salt,-,Cooking Pot,-,-,-,-,1,-,-,-,-,-,-,-,-,-,EatCookingDish,-,-,チーズケモノ肉丼,"ケモノ肉とたっぷりのチーズを盛りつけた
高カロリー料理 お腹が空いている時に食べたい品",Item_Cook_S_02,-,-,-
098,Prime Cheesy Meat Bowl,,"This bowl is loaded with high-quality meat and
cheese. A satisfying meal for any big eater.",Raw Prime Meat,Hylian Rice,Hateno Cheese,Rock Salt,-,Cooking Pot,-,-,-,-,1,-,-,-,-,-,-,-,-,-,EatCookingDish,-,-,上チーズケモノ肉丼,"上質なケモノ肉を敷き詰めてチーズを乗せた 
食いしん坊も大満足のまんぷく料理",Item_Cook_S_03,-,-,-
099,Gourmet Cheesy Meat Bowl,,"Top-quality meat and cheese piled high. But
can it satisfy the ultimate gourmand?",Raw Gourmet Meat,Hylian Rice,Hateno Cheese,Rock Salt,-,Cooking Pot,-,-,-,-,1,-,-,-,-,-,-,-,-,-,EatCookingDish,-,-,極上チーズケモノ肉丼,"最高級のケモノ肉に限界までチーズを盛りつけた
究極の満足料理 人の食欲は留まる事を知らない",Item_Cook_S_04,-,-,-
100,Veggie Rice Balls,,"This home-style dish of Kakariko Village is
stuffed with the bounty of the mountains.",Plant,Hylian Rice,-,-,-,Cooking Pot,-,-,-,-,1,-,-,-,-,-,-,-,-,-,EatCookingDish,-,-,山菜おにぎり,"山の恵みの山菜を たっぷり詰め込んだおにぎり
カカリコ村の代表的な家庭料理のひとつ",Item_Cook_G_03,-,-,-
101,Mushroom Rice Balls,,"The aroma of the mushrooms tickles your
nose as you peel back the leafy wrapping.",Mushroom,Hylian Rice,-,-,-,Cooking Pot,-,-,-,-,1,-,-,-,-,-,-,-,-,-,EatCookingDish,-,-,キノコおにぎり,"キノコの混ぜ込みごはんで作ったおにぎり
包みを開くと キノコの香りがふわっと広がる",Item_Cook_G_04,-,-,-
102,Meaty Rice Balls,,"The sweet and spicy meat stuffed into these
rice balls will keep you full for some time.",Meat,Hylian Rice,-,-,-,Cooking Pot,-,-,-,-,1,-,-,-,-,-,-,-,-,-,EatCookingDish,-,-,肉おにぎり,"甘辛く味を付けた肉がたっぷり詰まった おにぎり
ボリューム満点でお腹にしっかり溜まる",Item_Cook_G_15,-,-,-
103,Seafood Rice Balls,,"Stuffed with aromatic seafood, the flavor can
vary by ingredients but never disappoints.",Fish,Hylian Rice,-,-,-,Cooking Pot,-,-,-,-,1,-,-,-,-,-,-,-,-,-,EatCookingDish,-,-,海鮮おにぎり,"香ばしく焼いた魚を詰めた おにぎり
中に入れる魚によって 違った味が楽しめる",Item_Cook_G_02,-,-,-
104,Veggie Porridge,,"Porridge made of easy-to-digest vegetables,
fresh milk, and Hylian rice. An uplifting dish.",Plant,Hylian Rice,Fresh Milk,-,-,Cooking Pot,-,-,-,-,1,-,-,-,-,-,-,-,-,-,EatCookingDish,-,-,山菜ミルクがゆ,"消化の良い野草とハイラル米を煮込んだおかゆ
元気が出ない時も やさしい味で満たしてくれる",Item_Cook_R_02,-,-,-
105,Wheat Bread,,"Made with wheat from the Tabantha region,
this soft, springy bread smells just heavenly.",Tabantha Wheat,Rock Salt,-,-,-,Cooking Pot,-,-,-,-,1,-,-,-,-,-,-,-,-,-,EatCookingDish,-,-,小麦パン,"タバンタ地方で採れる小麦を使ったパン
モチモチした食感と 小麦の豊かな香りが楽しめる",Item_Cook_M_01,-,-,-
106,Melty Cheesy Bread,,"Is there anything better than a simple slice of
bread baked with Hateno cheese on top?",Tabantha Wheat,Hateno Cheese,-,-,-,Cooking Pot,-,-,-,-,1,-,-,-,-,-,-,-,-,-,EatCookingDish,-,-,とろとろチーズパン,"ハテノチーズを乗せて焼いた素朴なパン
温かいチーズの香りが食欲をそそる",Item_Cook_R_09,-,-,-
107,Hylian Tomato Pizza,,"A pizza made with fresh Hylian tomato. Slices
of melty Hateno cheese make it irresistible.",Hylian Tomato,Tabantha Wheat,Hateno Cheese,-,-,Cooking Pot,-,-,-,-,1,-,-,-,-,-,-,-,-,-,EatCookingDish,-,-,トマトピザ,"新鮮なハイラルトマトをトッピングしたピザ
とろけるハテノチーズがたまらない",Item_Cook_R_04,-,-,-
108,Meat Pie,,"You'll need an extra napkin to deal with this
juicy pie of perfectly baked minced meat.",Meat,Tabantha Wheat,Goat Butter,Rock Salt,-,Cooking Pot,-,-,-,-,1,-,-,-,-,-,-,-,-,-,EatCookingDish,-,-,ミートパイ,"細かくした肉を パイ生地に包んで焼きあげた料理
ジューシーな肉汁がたっぷり詰まっている",Item_Cook_I_04,-,-,-
109,Fish Pie,,"A mainstay in any fisherman's home, the
crisp crust pairs well with the fishy flavor.",Fish,Tabantha Wheat,Goat Butter,Rock Salt,-,Cooking Pot,-,-,-,-,1,-,-,-,-,-,-,-,-,-,EatCookingDish,-,-,フィッシュパイ,"パイで魚を包んで焼く 漁師の奥さんの定番料理
魚の旨味とサクサクした食感を楽しめる ひと皿",Item_Cook_I_15,-,-,-
110,Cheesy Tomato,,"A simple dish of Hylian tomato topped with
delicious Hateno cheese. A perfect snack.",Hylian Tomato,Hateno Cheese,-,-,-,Cooking Pot,-,-,-,-,1,-,-,-,-,-,-,-,-,-,EatCookingDish,-,-,チーズトマト,"ハイラルトマトにハテノチーズをのせた
シンプル料理 小腹が空いた時にちょうど良い",Item_Cook_S_10,-,-,-
111,Cheesy Baked Fish,,"Fresh seafood delightfully accented with a
generous serving of Hateno cheese.",Fish,Hateno Cheese,-,-,-,Cooking Pot,-,-,-,-,1,-,-,-,-,-,-,-,-,-,EatCookingSkewer,-,-,鮮魚のチーズ焼き,"新鮮な海産物をハテノチーズと一緒に焼いた料理
魚の旨味とチーズの風味が相性抜群",Item_Cook_R_10,-,-,-
112,Omelet,,"This simple dish is common all over Hyrule.
Simply fry egg until it's nice and plump.",Bird Egg,-,-,-,-,Cooking Pot,-,-,-,-,1,-,-,-,-,-,-,-,-,-,EatCookingDish,-,-,たまご焼き,"新鮮なたまごをふっくらと焼き上げた
朝食にぴったりな 定番たまご料理",Item_Cook_A_10,-,-,-
113,Vegetable Omelet,,"This home-style dish mixes fluffy eggs with
chopped vegetables for nutritional balance.",Plant,Bird Egg,Goat Butter,Rock Salt,-,Cooking Pot,-,-,-,-,1,-,-,-,-,-,-,-,-,-,EatCookingDish,-,-,野菜オムレツ,"新鮮なタマゴをフワッと焼きあげた家庭料理
刻んだ野菜が混ぜられていて 栄養バランスも満点",Item_Cook_N_03,-,-,-
114,Mushroom Omelet,,"The fluffy texture of this omelet is one of the
great joys of this dish, as well as life.",Mushroom,Bird Egg,Rock Salt,Goat Butter,-,Cooking Pot,-,-,-,-,1,-,-,-,-,-,-,-,-,-,EatCookingDish,-,-,キノコオムレツ,"香りの強いキノコを混ぜ込んだオムレツ
ふわふわの食感が楽しめるひと皿",Item_Cook_N_04,-,-,-
115,Cheesy Omelet,,"A satisfying dish with Hateno cheese poured
over a tasty omelet.",Mushroom / Plant,Hateno Cheese,Bird Egg,Rock Salt,-,Cooking Pot,-,-,-,-,1,-,-,-,-,-,-,-,-,-,EatCookingDish,-,-,チーズオムレツ,"そのままでもおいしいオムレツに ハテノチーズの
ソースをたっぷりかけた大満足な料理",Item_Cook_R_01,-,-,-
116,Hot Buttered Apple,,"The apple's sweetness has been enhanced
by smothering it with butter and baking it.",Apple / Golden Apple,Goat Butter,-,-,-,Cooking Pot,-,-,-,-,1,-,-,-,-,-,-,-,-,-,EatCookingDish,-,-,リンゴバター,"火を通して甘味が増したリンゴに
アツアツのヤギのバターを絡めた濃厚スイーツ",Item_Cook_I_07,-,-,-
117,Honeyed Fruits,,"A dish that combines the thick sweetness of
honey with the acidity of sour fruits.",Fruit,Courser Bee Honey,-,-,-,Cooking Pot,-,-,-,-,1,-,-,-,-,-,-,-,-,-,EatCookingDish,-,-,ハチミツ果実,"ハチミツの濃厚な甘みと
フルーツの酸味が口いっぱいに広がるスイーツ",Item_Cook_I_09,-,-,-
118,Honeyed Apple,,"A juicy sweet-and-sour dish combining
newly ripened apples with honey. ",Apple / Golden Apple,Courser Bee Honey,-,-,-,Cooking Pot,-,-,-,-,1,-,-,-,-,-,-,-,-,-,EatCookingDish,-,-,ハチミツリンゴ,"完熟リンゴとハチミツが絡み合う
甘酸っぱくジューシーなスイーツ",Item_Cook_I_08,-,-,-
119,Honey Candy,,"A natural sweet, brimming with nutrition and
made by stewing fresh honey.",Courser Bee Honey,-,-,-,-,Cooking Pot,-,-,-,-,1,-,-,-,-,-,-,-,-,-,EatCookingDish,-,-,ハチミツアメ,"巣から集めたハチミツを 煮詰めて固めた
ほんのり甘い 栄養満点の天然キャンディー",Item_Cook_I_16,-,-,-
120,Fried Bananas,,"Children love fried mighty bananas. The trick
is frying them over very high heat.",Mighty Bananas,Tabantha Wheat,Cane Sugar,-,-,Cooking Pot,-,-,-,-,1,-,-,-,-,-,-,-,-,-,EatCookingDish,-,-,あげバナナ,"ツルギバナナを揚げた子供に人気のおやつ
高温でサッと揚げるのがおいしく作るコツ",Item_Cook_I_13,-,-,-
121,Egg Pudding,,"Made by cooking eggs and milk in a special
mold, its soft texture melts in your mouth.",Bird Egg,Fresh Milk,Cane Sugar,-,-,Cooking Pot,-,-,-,-,1,-,-,-,-,-,-,-,-,-,EatCookingDish,-,-,たまごプリン,"タマゴとミルクを型に入れて焼いたデザート
なめらかで 舌の上でとろける食感が楽しめる",Item_Cook_I_14,-,-,-
122,Plain Crepe,,"The simplicity of this dish lets the flavor of its
ingredients shine.",Tabantha Wheat,Fresh Milk,Bird Egg,Cane Sugar,-,Cooking Pot,-,-,-,-,1,-,-,-,-,-,-,-,-,-,EatCookingDish,-,-,プレーンクレープ,"薄く伸ばした砂糖入りの生地を焼いたデザート
素材の味が活きるシンプルなひと品",Item_Cook_I_10,-,-,-
123,Wildberry Crepe,,"Sweet, tart wildberries are folded into thin,
springy dough to make this dessert.",Tabantha Wheat,Fresh Milk,Bird Egg,Cane Sugar,Wildberry,Cooking Pot,-,-,-,-,1,-,-,-,-,-,-,-,-,-,EatCookingDish,-,-,イチゴクレープ,"しっとりモチモチに焼き上げた生地に 
甘酸っぱいイチゴをたっぷり包んだクレープ",Item_Cook_I_11,-,-,-
124,Honey Crepe,,"Honey has been drizzled over thin crepes to
bring out their natural sweetness and flavor.",Tabantha Wheat,Fresh Milk,Bird Egg,Cane Sugar,Courser Bee Honey,Cooking Pot,-,-,-,-,1,-,-,-,-,-,-,-,-,-,EatCookingDish,-,-,ハチミツクレープ,"薄く焼いた生地にハチミツを掛けたデザート
自然な甘さと 豊かな風味が特徴",Item_Cook_I_17,-,-,-
125,Nutcake,,"Forest nuts give this cake a pleasant texture
and a simple, understated sweetness.",Tabantha Wheat,Goat Butter,Cane Sugar,Nut,-,Cooking Pot,-,-,-,-,1,-,-,-,-,-,-,-,-,-,EatCookingDish,-,-,ナッツケーキ,"森で手に入る木の実を使ったケーキ
素朴な甘さと 木の実の食感が楽しめる",Item_Cook_I_12,-,-,-
126,Fruitcake,,"Making ample use of fruits found all over
Hyrule, this cake is a must for celebrations.",Dessert Fruit,Apple or Wildberry,Tabantha Wheat,Cane Sugar,-,Cooking Pot,-,-,-,-,1,-,-,-,-,-,-,-,-,-,EatCookingDish,-,-,フルーツケーキ,"ハイラル中の新鮮なフルーツをふんだんに使った
豪華なケーキ お祝い事には欠かせないひと品",Item_Cook_N_02,-,-,-
127,Carrot Cake,,"Even those who don't like carrots tend to
enjoy the mild sweetness of this cake.",Carrot,Tabantha Wheat,Cane Sugar,Goat Butter,-,Cooking Pot,-,-,-,-,1,-,-,-,-,-,-,-,-,-,EatCookingDish,-,-,ニンジンケーキ,"優しい甘さが特徴のケーキ
ニンジンが苦手な人でも食べられると言われる",Item_Cook_I_05,-,-,-
128,Pumpkin Pie,,"The intense sweetness of pumpkins makes
this dessert popular among children.",Pumpkin,Tabantha Wheat,Cane Sugar,Goat Butter,-,Cooking Pot,-,-,-,-,1,-,-,-,-,-,-,-,-,-,EatCookingDish,-,-,カボチャケーキ,"カボチャをたっぷり使った黄金色のケーキ
濃厚な甘さが子供にも大人気",Item_Cook_I_06,-,-,-
129,Cheesecake,,"A rich, moist, flavorful dessert with a
Hateno cheese base.",Hateno Cheese,Tabantha Wheat,Cane Sugar,-,-,Cooking Pot,-,-,-,-,1,-,-,-,-,-,-,-,-,-,EatCookingDish,-,-,チーズケーキ,"ハテノチーズを使った 風味豊かなケーキ
しっとりしていて濃厚な味わい",Item_Cook_Q_09,-,-,-
130,Fruit Pie,,"A celebration isn't a celebration until this
fruit-filled crust hits the table!",Fruit,Tabantha Wheat,Goat Butter,Cane Sugar,-,Cooking Pot,-,-,-,-,1,-,-,-,-,-,-,-,-,-,EatCookingDish,-,-,フルーツパイ,"パイ生地に果物をたっぷり乗せたデザート
ハイラルではお祝いの際によく作られる",Item_Cook_I_01,-,-,-
131,Apple Pie,,"The crispy, flaky pie crust and sweet apples
are a match made in heaven.",Apple / Golden Apple,Tabantha Wheat,Goat Butter,Cane Sugar,-,Cooking Pot,-,-,-,-,1,-,-,-,-,-,-,-,-,-,EatCookingDish,-,-,アップルパイ,"新鮮なリンゴをたっぷり使った定番のデザート
サクサクのパイ生地とリンゴの甘さが 相性抜群",Item_Cook_I_02,-,-,-
132,Egg Tart,,"You'll know this simple dessert is done
baking when it smells just delightful.",Bird Egg,Tabantha Wheat,Goat Butter,Cane Sugar,-,Cooking Pot,-,-,-,-,1,-,-,-,-,-,-,-,-,-,EatCookingDish,-,-,エッグタルト,"濃厚な卵黄のクリームをパイ生地に詰めて
香ばしく焼き上げたデザート",Item_Cook_I_03,-,-,-
133,Milk,,"Make this by heating up some milk. Drink it
before bed to ensure a good night's sleep.",Fresh Milk,-,-,-,-,Cooking Pot,-,-,-,-,1,-,-,-,-,-,-,-,-,-,Drink,-,-,ホットミルク,"フレッシュミルクをじっくりと温めた飲み物
寝る前に飲むとリラックスできる",Item_Cook_K_09,-,-,-
134,Noble Pursuit,,"A popular fruit juice in Gerudo Town. Its
tropical flavor will cheer you right up.",Palm Fruit,Hydromelon,Voltfruit,Rock Salt,-,Cooking Pot,-,-,-,-,1,-,-,-,-,-,-,-,-,-,Drink,-,-,ヴァーイミーツヴォーイ,"ゲルドの街で人気のフルーツジュース
飲むと気分が高揚する トロピカルな味",Item_Cook_R_03,-,-,-
135,Monster Stew,,"Meat and seafood simmered in monster
extract. A savory dish despite its ingredients.",Meat,Fish,Monster Extract,-,-,Cooking Pot,-,-,-,-,1,-,-,-,-,-,-,-,-,-,EatCookingDish,-,-,マモノ煮込み,"肉や魚をマモノエキスで煮込んだキワモノ料理
他の食材には出せない旨味があるらしいが…",Item_Cook_L_01,-,-,-
136,Monster Soup,,"Using monster extract as a base, this soup's
distinct gaminess is either loved or hated.",Tabantha Wheat,Goat Butter,Fresh Milk,Monster Extract,-,Cooking Pot,-,-,-,-,1,-,-,-,-,-,-,-,-,-,EatCookingDish,-,-,マモノスープ,"マモノエキスをベースに作ったスープ
癖がとても強く 好みが分かれる独特な味わい",Item_Cook_L_02,-,-,-
137,Monster Curry,,"This unusual take on curry uses monster
extract and doesn't rely only on spices.",Hylian Rice,Goron Spice,Monster Extract,-,-,Cooking Pot,-,-,-,-,1,-,-,-,-,-,-,-,-,-,EatCookingDish,-,-,マモノカレー,"マモノエキスがたっぷり使われた 変り種カレー
辛さだけではない刺激が味わえるらしい",Item_Cook_L_05,-,-,-
138,Monster Rice Balls,,"Rice balls flavored with monster extract.
Their unique aroma is not for everyone.",Hylian Rice,Rock Salt,Monster Extract,-,-,Cooking Pot,-,-,-,-,1,-,-,-,-,-,-,-,-,-,EatCookingDish,-,-,マモノにぎり,"マモノエキスで味付けされた 斬新なおにぎり
独特の香りがして 食べる人を選ぶ味付け",Item_Cook_L_04,-,-,-
139,Monster Cake,,"It's said that once you have a taste of this
cake, you'll never forget its sweetness.",Tabantha Wheat,Cane Sugar,Monster Extract,Goat Butter,-,Cooking Pot,-,-,-,-,1,-,-,-,-,-,-,-,-,-,EatCookingDish,-,-,マモノケーキ,"マモノエキスを使った 独創的なケーキ
一度食べると忘れられない甘味があるという噂",Item_Cook_L_03,-,-,-
140,Dark Stew,,"A daring dish of dark clump stewed with
meat and fish. What a surprise!",Dark Clump,Meat,Fish,-,-,Cooking Pot,-,-,-,-,1,-,-,-,-,-,-,-,-,-,EatCookingDish,-,-,マジン煮込み,"肉や魚と一緒に闇の塊を煮込んだ 挑戦的な料理
何の具材が入っているかは 食べてみてのお楽しみ",Item_Cook_S_05,-,-,-
141,Dark Soup,,"A gooey soup built on stewed dark clump.
One could get lost in its swirls and flavors.",Dark Clump,Tabantha Wheat,Goat Butter,Fresh Milk,-,Cooking Pot,-,-,-,-,1,-,-,-,-,-,-,-,-,-,EatCookingDish,-,-,マジンスープ,"闇の塊を煮込んだ どろり濃厚スープ
風味は独特で 見ていると吸い込まれそうになる",Item_Cook_S_07,-,-,-
142,Dark Curry,,"A hard-hitting curry with a dark-clump
base, whose flavor is hard to hide.",Dark Clump,Goron Spice,Hylian Rice,-,-,Cooking Pot,-,-,-,-,1,-,-,-,-,-,-,-,-,-,EatCookingDish,-,-,マジンカレー,"闇の塊を材料に使った インパクト満点のカレー
隠しきれない素材の味わいが あふれ出ている",Item_Cook_S_08,-,-,-
143,Dark Rice Ball,,"A bold rice ball made with dark clump and
Hylian rice. Its flavor is unforgettable!",Dark Clump,Rock Salt,Hylian Rice,-,-,Cooking Pot,-,-,-,-,1,-,-,-,-,-,-,-,-,-,EatCookingDish,-,-,マジンにぎり,"闇の塊とハイラル米で作った 先鋭的なおにぎり
一度食べると忘れられない 深い深い味わい",Item_Cook_S_06,-,-,-
144,Dark Cake,,"An unusual dark-clump cake with a unique
flavor that may be impossible to fully describe.",Dark Clump,Cane Sugar,Tabantha Wheat,Goat Butter,-,Cooking Pot,-,-,-,-,1,-,-,-,-,-,-,-,-,-,EatCookingDish,-,-,マジンケーキ,"闇の塊をふんだんに使った 風変わりなケーキ
一言で表現するのは難しい 独特な味",Item_Cook_S_09,-,-,-
145,Dubious Food,,"It's too gross to even look at. A bizarre smell
issues forth from this heap. Eating it won't
hurt you though...probably.",Invalid Recipe,-,-,-,-,Cooking Pot,-,-,-,-,1,-,-,-,-,-,-,-,-,-,EatBizarre,-,-,微妙な料理,"微妙なにおいがする…
食べられなくはないが
とても人には見せられない！",Item_Cook_O_01,-,-,-
146,Rock-Hard Food,,"A dish gone awry after adding the wrong
ingredient. Chewing your way through this
won't be fun, but it will fill you up when
you're between a rock and a hard place.",Ore,-,-,-,-,Cooking Pot,-,-,-,-,1,-,-,-,-,-,-,-,-,-,EatTooHard,-,-,硬すぎ料理,"何か入れてはいけないものを混ぜてしまった
ちょっと人には出せない料理
背に腹は代えられない時には かじるしかない",Item_Cook_O_02,-,-,-
147,Baked Apple,,"Direct heat has softened and sweetened
this apple. Eat it to restore three-quarters
of a heart.",Apple,-,-,-,-,Fire,-,-,-,3,3,8,TRUE,1,Blunt,More Shield Surfing Friction,-,-,-,FALSE,EatFood,-,-,焼きリンゴ,"リンゴを直火であぶった香ばしいおやつ
食べるとハートが回復する",Item_Roast_03,-,-,-
148,Baked Golden Apple,,"A luxurious snack of golden apple roasted
directly over a fire. The impeccable balance
between acidity and sweetness gives it an
otherworldly, delicious flavor.",Golden Apple,-,-,-,-,Fire,-,-,-,9,8,20,TRUE,1,Blunt,More Shield Surfing Friction,-,-,-,FALSE,EatFood,-,-,金の焼きリンゴ,"金のリンゴを直火であぶった贅沢なおやつ
酸味と甘味が絶妙なバランスとなり
この世の物とは思えない 味わいを楽しめる",Item_Roast_59,-,-,-
149,Charred Pepper,,"A pepper that's been gently caressed by an
open flame. It's much less spicy now.",Spicy Pepper,-,-,-,-,Fire,-,-,9000,3,5,13,TRUE,1,Blunt,More Shield Surfing Friction,-,-,-,FALSE,EatFood,-,-,焼きポカポカ草の実,"ポカポカ草の実を焼いたもの
火を通す事で辛みがなくなり
そのまま食べても結構おいしい",Item_Roast_13,-,-,-
150,Roasted Hylian Tomato,,"A Hylian tomato toasted whole.
It's juicy inside and will restore
more health when consumed.",Hylian Tomato,-,-,-,-,Fire,-,-,-,6,6,15,TRUE,1,Blunt,More Shield Surfing Friction,-,-,-,FALSE,EatFood,-,-,焼きハイラルトマト,"ハイラルトマトの丸焼き
中身はジューシーで
ハートの回復量も増えている",Item_Roast_54,-,-,-
151,Roasted Wildberry,,"This wildberry was prepared over an open
flame to alter its sweet taste. It recovers
more health than if eaten raw.",Wildberry,-,-,-,-,Fire,-,-,-,3,5,13,TRUE,1,Blunt,More Shield Surfing Friction,-,-,-,FALSE,EatFood,-,-,焼きイチゴ,"イチゴの直火焼き
そのまま食べるのとは 違った甘味がある
少しだけハートの回復量が増えた",Item_Roast_07,-,-,-
152,Roasted Voltfruit,,"This voltfruit from the Gerudo Desert has
been charred to really bring out its sweet
and sour flavors.",Voltfruit,-,-,-,-,Fire,-,-,9000,3,8,20,TRUE,1,Blunt,More Shield Surfing Friction,-,-,-,FALSE,EatFood,-,-,焼きビリビリフルーツ,"ゲルド砂漠で採れる ビリビリフルーツの直火焼き
生で食べるより 甘みや酸味が強くなった
ちょっと焦げた位がおいしい",Item_Roast_08,-,-,-
153,Roasted Hydromelon,,"This hydromelon was roasted whole for
a very soft and flaky inner flesh with a
rather intriguing flavor. Now this is your
money melon!",Hydromelon,-,-,-,-,Fire,-,-,9000,3,8,20,TRUE,1,Blunt,More Shield Surfing Friction,Not Torch,-,-,FALSE,EatFood,-,-,焼きヒンヤリメロン,"ヒンヤリメロンの丸焼き
温かくなった果肉は ほくほくした食感
なんとも不思議な味わい",Item_Roast_12,-,-,-
154,Baked Palm Fruit,,"This palm fruit was broiled with direct heat,
resulting in steamed flesh inside the rind.
Best served at the moment the juices
emerge while roasting.",Palm Fruit,-,-,-,-,Fire,-,-,9000,6,6,15,TRUE,1,Blunt,More Shield Surfing Friction,Not Torch,-,-,FALSE,EatFood,-,-,焼きヤシの実,"ヤシの実を直火であぶったひと品
皮につつまれた果肉が蒸し焼きになっている
残った果汁と一緒に食べるのがおすすめ",Item_Roast_10,-,-,-
155,Roasted Mighty Bananas,,"These mighty bananas have been roasted
whole. Cooking them through has turned the
fruit inside into a sticky, rich, aromatic syrup.",Mighty Bananas,-,-,-,-,Fire,-,-,9000,3,8,20,TRUE,1,Blunt,More Shield Surfing Friction,-,-,-,FALSE,EatFood,-,-,焼きツルギバナナ,"ツルギバナナの丸焼き
火が通った事で実がとろとろになって
甘みや香りも豊かになった",Item_Roast_11,-,-,-
156,Roasted Lotus Seeds,,"Flame-roasted fleet-lotus seeds.
Peel the skin back to get to the soft
and flaky center.",Fleet-Lotus Seeds,-,-,-,-,Fire,-,-,-,3,8,20,TRUE,1,Blunt,More Shield Surfing Friction,-,-,-,FALSE,EatFood,-,-,焼きゴーゴーハスの実,"直火で焼いたゴーゴーハスの実
皮をむいて食べれば ほくほくで
栗のような食感が味わえる",Item_Roast_16,-,-,-
157,Roasted Mighty Thistle,,"Lightly toasted mighty thistle. It has no
special effects, but now that it's been grilled,
the pointy ends go down smooth.",Mighty Thistle,-,-,-,-,Fire,-,-,-,2,8,20,TRUE,1,Blunt,More Shield Surfing Friction,-,-,-,FALSE,EatFood,-,-,焼きツルギソウ,"ツルギソウの素焼き
特別な効果はないが
とんがった花もパリッとしておいしく食べられる",Item_Roast_27,-,-,-
158,Roasted Armoranth,,"Simple, roasted armoranth. The heat has
frayed the hard, chewy fiber just enough
to make it easy to eat.",Armoranth,-,-,-,-,Fire,-,-,-,2,8,20,TRUE,1,Blunt,More Shield Surfing Friction,-,-,-,FALSE,EatFood,-,-,焼きヨロイソウ,"ヨロイソウの丸焼き
硬くて歯ごたえのあった繊維質も 
熱を通した事で ほぐれて食べやすくなった",Item_Roast_28,-,-,-
159,Roasted Swift Carrot,,"A fragrant swift carrot that's been
lightly roasted. It doesn't have any
special effects, but it will restore
some health.",Swift Carrot,-,-,-,-,Fire,-,-,-,3,6,15,TRUE,1,Blunt,More Shield Surfing Friction,-,-,-,FALSE,EatFood,-,-,焼きゴーゴーニンジン,"香ばしいゴーゴーニンジンの丸焼き
特別な効果はないが
ハートを回復する事ができる",Item_Roast_24,-,-,-
160,Roasted Endura Carrot,,"This flame-kissed endura carrot makes for a
truly extravagant single-item dish. The fire
really brought out its sweetness.",Endura Carrot,-,-,-,-,Fire,-,-,-,12,38,95,TRUE,1,Blunt,More Shield Surfing Friction,-,-,-,FALSE,EatFood,-,-,焼きガッツニンジン,"貴重なガッツニンジンを 
贅沢にそのまま焼いたひと品
火が通って甘味が増している",Item_Roast_50,-,-,-
161,Baked Fortified Pumpkin,,"This fortified pumpkin has been roasted
whole. The hard rind serves as a container
for the steamed pumpkin flesh inside.",Fortified Pumpkin,-,-,-,-,Fire,-,-,9000,3,8,20,TRUE,1,Blunt,More Shield Surfing Friction,Not Torch,-,-,FALSE,EatFood,-,-,焼きヨロイカボチャ,"大きなヨロイカボチャの丸焼き
硬い皮が器の働きをしており
中身が蒸し焼きになっている",Item_Roast_15,-,-,-
162,Baked Sun Pumpkin,,"A large, whole, roasted sun pumpkin. It lost
its original effect in the baking process, but
it's soft and tasty.",Sun Pumpkin,-,-,-,-,Fire,-,-,9000,3,8,20,TRUE,1,Blunt,More Shield Surfing Friction,Not Torch,-,-,FALSE,EatFood,-,-,焼きヒダマリカボチャ,"大きなヒダマリカボチャの丸焼き
特別な効果は無くなっているが
蒸し焼きの中身は柔らかくておいしい",Item_Roast_55,-,-,-
163,Roasted Radish,,"A roasted hearty radish. Fragrant and
warm, it has no special effect but will
restore hearts.",Hearty Radish,-,-,-,-,Fire,-,-,-,15,12,30,TRUE,1,Blunt,More Shield Surfing Friction,-,-,-,FALSE,EatFood,-,-,焼きラディッシュ,"マックスラディッシュの丸焼き
ホクホクして香ばしい
特殊な効果はないが食べるとハートが回復する",Item_Roast_18,-,-,-
164,Roasted Big Radish,,"A roasted big hearty radish.
To take such a precious vegetable
and put it to the fire is decadent
in a way.",Big Hearty Radish,-,-,-,-,Fire,-,-,-,24,24,58,TRUE,1,Blunt,More Shield Surfing Friction,-,-,-,FALSE,EatFood,-,-,焼き大ラディッシュ,"大マックスラディッシュの丸焼き
貴重な野菜を思い切って焼いてみた
ある意味贅沢な一品",Item_Roast_19,-,-,-
165,Toasty Skyshroom,,"A simply grilled skyshroom. The heat brings
out its flavor and increases the amount of
health it can restore.",Skyshroom,-,-,-,-,Fire,-,-,-,2,3,12,TRUE,1,Blunt,More Shield Surfing Friction,Not Torch,Hammer,Perfect Parry Always Disarms,FALSE,EatFood,-,-,焼きソラダケ,"ソラダケの素焼き
焼いた事で風味がぐんと増し
ハートの回復量が増えている",Item_Roast_56,-,-,-
166,Toasty Hylian Shroom,,"A Hylian shroom toasted to perfection.
The taste and fragrance are amplified,
restoring more health to its consumer.",Hylian Shroom,-,-,-,-,Fire,-,-,-,3,3,12,TRUE,1,Blunt,More Shield Surfing Friction,Not Torch,Hammer,Perfect Parry Always Disarms,FALSE,EatFood,-,-,焼きハイラルダケ,"ハイラルダケの素焼き
味も香りも格段によくなって
ハートの回復量も増えた",Item_Roast_06,-,-,-
167,Toasty Stamella Shroom,,"This toasted stamella shroom doesn't grant
any special effects, but it will restore
a bit of health.",Stamella Shroom,-,-,-,-,Fire,-,-,-,3,5,13,TRUE,1,Blunt,More Shield Surfing Friction,Not Torch,Hammer,Perfect Parry Always Disarms,FALSE,EatFood,-,-,焼きガンバリダケ,"ガンバリダケの丸焼き
効果はハートの回復だけだが
生で食べるよりはかなりおいしい",Item_Roast_04,-,-,-
168,Toasty Rushroom,,"A rushroom that's been put to the torch.
It may have lost its speedy properties, but
at least it tastes good now.",Rushroom,-,-,-,-,Fire,-,-,-,3,5,13,TRUE,1,Blunt,More Shield Surfing Friction,Not Torch,Hammer,Perfect Parry Always Disarms,FALSE,EatFood,-,-,焼きゴーゴーダケ,"ゴーゴーダケの丸焼き
不思議な力は失われたが味は格段にアップした",Item_Roast_36,-,-,-
169,Toasty Sunshroom,,"It's always a good idea to keep a fully
roasted sunshroom or two on hand just
in case. Eat it to recover a bit of health.",Sunshroom,-,-,-,-,Fire,-,-,-,3,6,15,TRUE,1,Blunt,More Shield Surfing Friction,Not Torch,Hammer,Perfect Parry Always Disarms,FALSE,EatFood,-,-,焼きポカポカダケ,"ポカポカダケの丸焼き
いざという時のためにポーチにあると安心
ハートを回復する事ができる",Item_Roast_32,-,-,-
170,Toasty Chillshroom,,"A fully roasted chillshroom. It's evenly
toasted and tastes a lot better than
when eaten raw. Eating it will restore
a bit of health.",Chillshroom,-,-,-,-,Fire,-,-,-,3,6,15,TRUE,1,Blunt,More Shield Surfing Friction,Not Torch,Hammer,Perfect Parry Always Disarms,FALSE,EatFood,-,-,焼きヒンヤリダケ,"ヒンヤリダケの丸焼き
こんがり焼けて 生で食べるよりおいしくなった
ハートを回復する事ができる",Item_Roast_31,-,-,-
171,Toasty Zapshroom,,"It's not very shocking that this fully roasted
zapshroom is delicious. Eat it to recover
a bit of health.",Zapshroom,-,-,-,-,Fire,-,-,-,3,6,15,TRUE,1,Blunt,More Shield Surfing Friction,Not Torch,Hammer,Perfect Parry Always Disarms,FALSE,EatFood,-,-,焼きビリビリダケ,"ビリビリダケの丸焼き
ピリッとくる事もなく まろやかな味になった
ハートを回復する事ができる",Item_Roast_33,-,-,-
172,Toasty Razorshroom,,"A razorshroom that's been exposed to
direct heat. Its sharp exterior has softened
considerably. Restores a bit of health.",Razorshroom,-,-,-,-,Fire,-,-,-,3,5,13,TRUE,1,Blunt,More Shield Surfing Friction,Not Torch,Hammer,Perfect Parry Always Disarms,FALSE,EatFood,-,-,焼きツルギダケ,"ツルギダケの丸焼き
生のまま食べるよりホクホクしておいしい
ハートが回復する",Item_Roast_37,-,-,-
173,Toasty Ironshroom,,"An ironshroom exposed to an open
flame. Its once-tough exterior is now crunchy
and tasty. Restores a bit of health.",Ironshroom,-,-,-,-,Fire,-,-,-,3,5,13,TRUE,1,Blunt,More Shield Surfing Friction,Not Torch,Hammer,Perfect Parry Always Disarms,FALSE,EatFood,-,-,焼きヨロイダケ,"ヨロイダケの丸焼き
硬かった表面もカリッとしておいしい
ハートを回復する事ができる",Item_Roast_38,-,-,-
174,Toasty Silent Shroom,,"A whole, toasted silent shroom. High heat
may have destroyed its soft glow, but it's
now fragrant and tasty.",Silent Shroom,-,-,-,-,Fire,-,-,-,3,3,8,TRUE,1,Blunt,More Shield Surfing Friction,Not Torch,Hammer,Perfect Parry Always Disarms,FALSE,EatFood,-,-,焼きシノビダケ,"シノビダケの丸焼き
優しく光っていた面影はないが
香ばしくておいしい",Item_Roast_39,-,-,-
175,Toasty Brightcap,,"A whole, roasted brightcap. Sure, it loses its
bioluminescent enzymes, but it's softer and
easier to chew.",Brightcap,-,-,-,-,Fire,-,-,-,3,5,13,TRUE,1,Blunt,More Shield Surfing Friction,Not Torch,Hammer,Perfect Parry Always Disarms,FALSE,EatFood,-,-,焼きアカリダケ,"アカリダケの丸焼き
光を放つ酵素は失われてしまったが
柔らかく食べやすくなっている",Item_Roast_58,-,-,-
176,Toasty Endura Shroom,,"A toasted endura shroom. It doesn't grant
any special effects, but boy is it tasty!",Endura Shroom,-,-,-,-,Fire,-,-,-,6,5,13,TRUE,1,Blunt,More Shield Surfing Friction,Not Torch,Hammer,Perfect Parry Always Disarms,FALSE,EatFood,-,-,焼きガッツダケ,"ガッツダケの丸焼き
特別な効果はないが
おいしさがギュッと凝縮されている",Item_Roast_53,-,-,-
177,Toasted Hearty Truffle,,"A hearty truffle toasted until its outside is
crispy. It tastes great, but hearty truffles are
far more effective when cooked in a recipe.",Hearty Truffle,-,-,-,-,Fire,-,-,-,12,8,20,TRUE,1,Blunt,More Shield Surfing Friction,Not Torch,Hammer,Perfect Parry Always Disarms,FALSE,EatFood,-,-,焼きマックストリュフ,"マックストリュフをこんがり焼き上げた
とってもおいしいが 料理に使った方が
より大きな効果が期待できる",Item_Roast_05,-,-,-
178,Toasted Big Hearty Truffle,,"This big hearty truffle has been roasted
whole. It gets full points for aroma and
nutrition. Eat it to recover a lot of hearts.",Big Hearty Truffle,-,-,-,-,Fire,-,-,-,18,24,58,TRUE,1,Blunt,More Shield Surfing Friction,Not Torch,Hammer,Perfect Parry Always Disarms,FALSE,EatFood,-,-,焼き大マックストリュフ,"貴重な食材である 大マックストリュフの丸焼き
火であぶる事で 香りがより豊かになった
食べるとハートがたくさん回復する",Item_Roast_49,-,-,-
179,Seared Steak,,"Meat cooked over an open flame. Cooking it
has increased its flavor and the number of
hearts it provides.",Raw Meat,-,-,-,-,Fire,-,-,-,6,12,30,TRUE,1,Blunt,More Shield Surfing Friction,Not Torch,-,-,FALSE,EatFood,-,-,焼きケモノ肉,"ケモノ肉を直火で焼いたもの
焼く事で香ばしくなり
ハートの回復量も増えた",Item_Roast_01,-,-,-
180,Seared Prime Steak,,"Prime meat cooked over an open flame.
The outside is perfectly browned, while
the inside is mouthwateringly juicy.",Raw Prime Meat,-,-,-,-,Fire,-,-,-,9,24,58,TRUE,1,Blunt,More Shield Surfing Friction,Not Torch,-,-,FALSE,EatFood,-,-,焼き上ケモノ肉,"肉厚な上ケモノ肉の丸焼き
外側は香ばしく 中はジューシーで
たまらなくおいしい",Item_Roast_40,-,-,-
181,Seared Gourmet Steak,,"The highest quality gourmet meat, just
kissed by an open flame. No additional
seasonings have been added, which lets
the natural flavor of the meat really shine.",Raw Gourmet Meat,-,-,-,-,Fire,-,-,900,18,35,140,TRUE,1,Blunt,More Shield Surfing Friction,Not Torch,-,-,FALSE,EatFood,-,-,焼き極上ケモノ肉,"最高級の肉である極上ケモノ肉を 
あえて何も味付けせずに 直火で焼き上げた料理
素材本来の味を 存分に味わう事ができる逸品",Item_Roast_45,-,-,-
182,Roasted Bird Drumstick,,"Bird drumstick that's been cooked to a crisp,
skin and all. It's devoid of seasoning,
but it has a simple, accessible taste.
Restores more hearts than the raw variety.",Raw Bird Drumstick,-,-,-,-,Fire,-,-,-,6,12,30,TRUE,1,Blunt,More Shield Surfing Friction,Not Torch,-,-,FALSE,EatFood,-,-,焼きトリ肉,"皮ごとパリッと焼き上げたトリ肉
余計な味付けをしない分 シンプルなおいしさ
ハートの回復量も増えた",Item_Roast_02,-,-,-
183,Roasted Bird Thigh,,"Prime meat that's been flame-seared to
perfection. The outside is crispy, but the
inside is juicy. Eat it to recover hearts.",Raw Bird Thigh,-,-,-,-,Fire,-,-,-,9,24,28,TRUE,1,Blunt,More Shield Surfing Friction,Not Torch,-,-,FALSE,EatFood,-,-,焼き上トリ肉,"貴重な上トリ肉をこんがり焼き上げた
外はパリッと中はジューシーな仕上がり
食べるとハートが回復する",Item_Roast_41,-,-,-
184,Roasted Whole Bird,,"This whole bird has been tickled by an open
flame to bring out its flavor. Less is more,
as the lack of additional seasoning allows
its natural taste to shine.",Raw Whole Bird,-,-,-,-,Fire,-,-,900,18,35,140,TRUE,1,Blunt,More Shield Surfing Friction,Not Torch,-,-,FALSE,EatFood,-,-,焼き極上トリ肉,"最高級食材である 極上トリ肉の丸焼き
何も味付けしない 野性味あふれる調理方法で
素材本来の味を 十分に楽しむ事ができる逸品",Item_Roast_46,-,-,-
185,Roasted Arowana,,"A whole, grilled ancient arowana. The meat is
cooked through and has reached a perfect
tenderness.",Ancient Arowana,-,-,-,-,Fire,-,-,-,6,9,23,TRUE,1,Blunt,More Shield Surfing Friction,Not Torch,-,-,FALSE,EatFood,-,-,焼きアロワナ,"ムカシアロワナの丸焼き
引き締まった身に火が通って
ほどよい柔らかさになっている",Item_RoastFish_16,-,-,-
186,Roasted Bass,,"A bass that's been cooked whole over an
open flame. It's flaky and savory smelling.
Offers more hearts than the raw version.",Bass,-,-,-,-,Fire,-,-,-,6,9,23,TRUE,1,Blunt,More Shield Surfing Friction,Not Torch,-,-,FALSE,EatFood,-,-,焼きバス,"バスの丸焼き 生のままより
こんがり焼くと香ばしくなりおいしく食べられる
ハートの回復量も増えた",Item_RoastFish_01,-,-,-
187,Roasted Trout,,"This trout can be found all over Hyrule.
Served river-to-table, it's simply cooked
for a soft and flaky flesh with a mild flavor.",Trout,-,-,-,-,Fire,-,-,9000,6,9,23,TRUE,1,Blunt,More Shield Surfing Friction,Not Torch,-,-,FALSE,EatFood,-,-,焼きマス,"ハイラル各地で獲れるマスの姿焼き
火を通した身はホクホクしており
あっさりとして優しい味がする",Item_RoastFish_03,-,-,-
188,Roasted Carp,,"Roasting this freshwater carp helped to
suppress some of its stench, making it
easier to stomach. You can really sink
your teeth into the thick, meaty flesh.",Carp,-,-,-,-,Fire,-,-,9000,6,15,38,TRUE,1,Blunt,More Shield Surfing Friction,Not Torch,-,-,FALSE,EatFood,-,-,焼きゴイ,"淡水で獲れるコイを焼き上げた料理
加熱した事で 魚の臭みも減って食べやすくなった
肉厚の身は食べごたえも十分",Item_RoastFish_07,-,-,-
189,Roasted Porgy,,"The soft and fluffy texture of this seafaring
fish has been enhanced by roasting it over
an open fire. The crisp, aromatic skin is
particularly delicious.",Porgy,-,-,-,-,Fire,-,-,9000,6,15,38,TRUE,1,Blunt,More Shield Surfing Friction,Not Torch,-,-,FALSE,EatFood,-,-,焼きダイ,"海で育ったタイの丸焼き
白身魚特有の ふんわり柔らかな身と
カリカリで香ばしい皮が味わえる",Item_RoastFish_09,-,-,-
190,Roasted Cave Fish,,"A dish of grilled glowing cave fish. The fish's
loose meat is nicely cooked to give it both
excellent flavor and texture.",Glowing Cave Fish,-,-,-,-,Fire,-,-,-,6,9,23,TRUE,1,Blunt,More Shield Surfing Friction,Not Torch,-,-,FALSE,EatFood,-,-,焼きホラウオ,"アカリホラウオを焼いた料理
元々身が崩れやすい魚だが 焼くと口の中で
ほろほろと身がほぐれて とてもおいしい",Item_RoastFish_18,-,-,-
191,Roasted Hearty Bass,,"An open flame has crisped the skin of this
hearty bass to perfection. It's a sizable
portion and contains just the right amount
of fat to create an exceptionally tasty dish.",Hearty Bass,-,-,-,-,Fire,-,-,-,12,12,30,TRUE,1,Blunt,More Shield Surfing Friction,Not Torch,-,-,FALSE,EatFood,-,-,焼きマックスバス,"貴重なマックスバスの丸焼き
直火であぶった事で 皮がパリッと焼けている
丸々と太った身は脂が乗って おいしさ抜群",Item_RoastFish_02,-,-,-
192,Roasted Hearty Salmon,,"A fresh hearty salmon roasted simply over
an open flame without any additional
flavoring. Not only is the skin edible but
it gives off a rather nice aroma as well.",Hearty Salmon,-,-,-,-,Fire,-,-,9000,18,18,72,TRUE,1,Blunt,More Shield Surfing Friction,Not Torch,-,-,FALSE,EatFood,-,-,焼きマックスサーモン,"新鮮なマックスサーモンを 味付けせずに
シンプルに直火で焼き上げた ひと品
皮も香ばしくて おいしく食べられる",Item_RoastFish_04,-,-,-
193,Blackened Crab,,"A whole crab slow-roasted in its shell. The
soft, flaky flesh pairs nicely with the scent
of the charred shell for a meal that assaults
all five of your senses in all the best ways.",Crab,-,-,-,-,Fire,-,-,-,6,12,30,TRUE,1,Blunt,More Shield Surfing Friction,Not Torch,-,-,FALSE,EatFood,-,-,焼きガニ,"身の詰まったカニを じっくりとあぶった料理
香ばしく ホクホクした甘い身が絶品
焦げた殻もとても良い香りがする",Item_RoastFish_15,-,-,-
194,Sneaky River Escargot,,"Sneaky river snail roasted whole in its shell.
The meat is soft and a little chewy. Pulling all
the meat from the shell in one go fills you
with a sense of accomplishment.",Sneaky River Snail,-,-,-,-,Fire,-,-,9000,6,9,23,TRUE,1,Blunt,More Shield Surfing Friction,Not Torch,-,-,FALSE,EatFood,-,-,焼きシノビタニシ,"シノビタニシを貝殻ごと焼き上げた料理
プリプリとした歯ごたえが特徴的
うまく身を取り出せるとちょっと嬉しい",Item_RoastFish_13,-,-,-
195,Roasted Tree Nut,,"A tree seed roasted to amplify its fragrance.
Gives more hearts than the raw variety.",Chickaloo Tree Nut,-,-,-,-,Fire,-,-,-,2,2,5,TRUE,1,Blunt,More Shield Surfing Friction,-,-,-,FALSE,EatFood,-,-,焼き木の実,"香ばしく焼いた木の実
少しだけハートの回復量が増えた",Item_Roast_52,-,-,-
196,Roasted Acorn,,"An acorn cooked with direct heat.
Its nutty aroma has been amplified.",Acorn,-,-,-,-,Fire,-,-,-,2,2,5,TRUE,1,Blunt,More Shield Surfing Friction,-,-,-,FALSE,EatFood,-,-,焼きどんぐり,"直火で焼いたどんぐり
香ばしく甘みも増す",Item_Roast_48,-,-,-
197,Campfire Egg,,"Roasting a bird egg whole in its shell like this
helps retain water, making the egg a bit
chewier than usual.",Bird Egg,-,-,-,-,Fire,-,-,-,6,5,20,TRUE,1,Blunt,More Shield Surfing Friction,-,-,-,FALSE,EatFood,-,-,焼きタマゴ,"トリのタマゴをカラごと焼き上げた料理
余分な水分がなくなる事で
茹でるより身がプリプリになる",Item_Roast_51,-,-,-
198,Hard-Boiled Egg,,"A bird egg boiled using water from naturally
occurring hot springs. It's popular among
children and is easy to make.",Bird Egg,-,-,-,-,Hot Spring,-,-,-,6,5,20,TRUE,1,Blunt,More Shield Surfing Friction,-,-,-,TRUE,EatFood,-,-,ゆでタマゴ,"地面から湧き出る温水の熱で
茹でられたトリのタマゴ
手軽に作れる 子供にも人気のひと品",Item_Boiled_01,-,-,-
199,Icy Meat,,"A frozen slab of animal meat. If you can
manage to chew it up and swallow it, you'll
restore some hearts and lower your body
temperature.",Raw Meat,-,-,-,-,Freeze,ResistHot,1,1800,4,15,35,TRUE,1,Blunt,Not Torch,Less Shield Surfing Friction,-,-,FALSE,EatFood,-,-,凍結ケモノ肉,"冷気で凍りついたケモノ肉
かじりつくにはちょっと硬すぎる
少しだけハート回復と耐暑効果を得られる",Item_Chilled_01,-,-,-
200,Icy Prime Meat,,"High-quality, frozen animal meat. Doesn't
restore many hearts, but it can lower your
body temperature.",Raw Prime Meat,-,-,-,-,Freeze,ResistHot,1,1800,6,28,60,TRUE,1,Blunt,Not Torch,Less Shield Surfing Friction,-,-,FALSE,EatFood,-,-,凍結上ケモノ肉,"冷気で凍りついた上ケモノ肉
少しだけハート回復と耐暑効果を得られる",Item_Chilled_02,-,-,-
201,Icy Gourmet Meat,,"This raw gourmet meat has been frozen for
easy traveling. It's kept its flavor through the
freezing process. Eating it as is will provide
a temporary boost to your heat resistance.",Raw Gourmet Meat,-,-,-,-,Freeze,ResistHot,1,1800,12,40,150,TRUE,1,Blunt,More Shield Surfing Friction,Not Torch,-,-,FALSE,EatFood,-,-,凍結極上ケモノ肉,"冷気で凍りついた極上ケモノ肉
上質な肉は凍らせても 味が落ちにくいという
食べると少しの間 耐暑効果を発揮する",Item_Chilled_03,-,-,-
202,Frozen Bird Drumstick,,"It's as hard as a rock but is supposedly
edible. It restores a small number of hearts
and has a cooling effect.",Raw Bird Drumstick,-,-,-,-,Freeze,ResistHot,1,1800,4,15,35,TRUE,1,Blunt,More Shield Surfing Friction,Not Torch,-,-,FALSE,EatFood,-,-,凍結トリ肉,"冷気で凍りついたトリ肉
こん棒みたいだけど一応食べられる
少しだけハート回復と耐暑効果を得られる",Item_Chilled_04,-,-,-
203,Frozen Bird Thigh,,"High-quality, frozen bird meat. It's so solid it
looks like it could be used as a weapon.
Eating it will restore some hearts and cool
you down, but don't break your teeth on it.",Raw Bird Thigh,-,-,-,-,Freeze,ResistHot,1,1800,6,28,60,TRUE,1,Blunt,More Shield Surfing Friction,Not Torch,-,-,FALSE,EatFood,-,-,凍結上トリ肉,"冷気で凍りついた上トリ肉
武器にできそうなくらい硬い
少しだけハート回復と耐暑効果を得られる",Item_Chilled_05,-,-,-
204,Frozen Whole Bird,,"This raw whole bird may have been
frozen solid, but its flavor remains intact.
Eating it will provide a temporary boost
to your heat resistance.",Raw Whole Bird,-,-,-,-,Freeze,ResistHot,1,1800,12,40,150,TRUE,1,Blunt,More Shield Surfing Friction,Not Torch,-,-,FALSE,EatFood,-,-,凍結極上トリ肉,"冷気で凍りついた極上トリ肉
カチカチで硬いが 味は落ちていない
食べると少しの間 耐暑効果を発揮する",Item_Chilled_06,-,-,-
205,Frozen Arowana,,"Being frozen has condensed the taste
of fish inside this arowana's body. Eating it
will provide a temporary boost to your
heat resistance.",Ancient Arowana,-,-,-,-,Freeze,ResistHot,1,1800,8,14,32,TRUE,1,Blunt,Not Torch,Less Shield Surfing Friction,-,-,FALSE,EatFood,-,-,凍結アロワナ,"冷気で凍りついたアロワナ
引き締まった身に 旨味が凝縮されている
食べると少しの間 耐暑効果を発揮する",Item_ChilledFish_16,-,-,-
206,Frozen Bass,,"That's one cold fish. Eating it won't restore
many hearts, but it will lower your body
temperature a bit.",Bass,-,-,-,-,Freeze,ResistHot,1,1800,8,18,72,TRUE,1,Blunt,Not Torch,Less Shield Surfing Friction,-,-,FALSE,EatFood,-,-,凍結バス,"冷気で凍りついたバス
食べてもハートはあまり回復しないが
少しの間 耐暑効果を発揮する",Item_ChilledFish_01,-,-,-
207,Frozen Trout,,"Being frozen has condensed the taste
of fish inside this trout's body. Eating it
will provide a temporary boost to your
heat resistance.",Trout,-,-,-,-,Freeze,ResistHot,1,1800,4,10,25,TRUE,1,Blunt,Not Torch,Less Shield Surfing Friction,-,-,FALSE,EatFood,-,-,凍結マス,"冷気で凍りついたマス
身が締まって 旨味も凝縮されている
食べると少しの間 耐暑効果を発揮する",Item_ChilledFish_03,-,-,-
208,Frozen Carp,,"The crunchy, icy texture of this chilled
carp is quite the delicacy. Eating it will
temporarily increase your heat resistance.",Carp,-,-,-,-,Freeze,ResistHot,1,1800,4,18,40,TRUE,1,Blunt,Not Torch,Less Shield Surfing Friction,-,-,FALSE,EatFood,-,-,凍結ゴイ,"冷気で凍りついたコイ
シャリシャリした食感が新しい
食べると少しの間 耐暑効果を発揮する",Item_ChilledFish_04,-,-,-
209,Frozen Porgy,,"This frozen porgy is the ideal snack for hiking
through hot climates like the Gerudo Desert.
Eating it provides a temporary boost to your
heat resistance.",Porgy,-,-,-,-,Freeze,ResistHot,1,1800,4,18,40,TRUE,1,Blunt,Not Torch,Less Shield Surfing Friction,-,-,FALSE,EatFood,-,-,凍結ダイ,"冷気で凍りついたタイ
ゲルド砂漠などの 暑い地域で食べたい一品
食べると少しの間 耐暑効果を発揮する",Item_ChilledFish_05,-,-,-
210,Frozen Cave Fish,,"A frozen glowing cave fish is just easier to
eat than an unfrozen one. And, once eaten, it
makes heat more bearable for a short time.",Glowing Cave Fish,-,-,-,-,Freeze,ResistHot,1,1800,8,14,32,TRUE,1,Blunt,Not Torch,Less Shield Surfing Friction,-,-,FALSE,EatFood,-,-,凍結ホラウオ,"冷気で凍りついたアカリホラウオ 普段だと
崩れやすい身が 引き締まって食べやすい
食べると少しの間 耐暑効果を発揮する",Item_ChilledFish_18,-,-,-
211,Frozen Hearty Bass,,"This hearty bass has been frozen by cold air.
Eating it will be a challenge because it's
frozen solid, but if you persevere, it will
temporarily increase your heat resistance.",Hearty Bass,-,-,-,-,Freeze,ResistHot,1,1800,8,18,72,TRUE,1,Blunt,Not Torch,Less Shield Surfing Friction,-,-,FALSE,EatFood,-,-,凍結マックスバス,"冷気で凍りついたマックスバス
かなり硬くて食べづらいが このまま食べる事で
少しの間 耐暑効果を発揮する",Item_ChilledFish_06,-,-,-
212,Frozen Hearty Salmon,,"This salmon doesn't taste quite as fishy
because the excess fat has been removed.
It's exceptionally cold, so eating it provides
a temporary boost to heat resistance.",Hearty Salmon,-,-,-,-,Freeze,ResistHot,1,1800,16,20,80,TRUE,1,Blunt,Not Torch,Less Shield Surfing Friction,-,-,FALSE,EatFood,-,-,凍結マックスサーモン,"冷気で凍りついたマックスサーモン
余分な脂が抜け 風味が増すと言われている
食べると少しの間 耐暑効果を発揮する",Item_ChilledFish_02,-,-,-
213,Frozen Crab,,"Doesn't provide as much companionship as
an unfrozen crab, but it won't spoil during
your travels. Eat it to gain a temporary boost
to your heat resistance.",Bright-Eyed Crab,-,-,-,-,Freeze,ResistHot,1,1800,8,18,72,TRUE,1,Blunt,Not Torch,Less Shield Surfing Friction,-,-,FALSE,EatFood,-,-,凍結ガニ,"冷気で凍りついたカニ
本来は保存のために凍らせているが このまま
食べる事もでき 少しの間 耐暑効果を発揮する",Item_ChilledFish_07,-,-,-
214,Frozen River Snail,,"The distinct glow of this sneaky river snail
has diminished after it's been frozen, but
eating it like this will provide a temporary
increase to your heat resistance.",Sneaky River Snail,-,-,-,-,Freeze,ResistHot,1,1800,4,10,25,TRUE,1,Blunt,More Shield Surfing Friction,Not Torch,-,-,FALSE,EatFood,-,-,凍結タニシ,"冷気で凍りついたシノビタニシ
特徴的な光も 凍らせると出なくなる
食べると少しの間 耐暑効果を発揮する",Item_ChilledFish_08,-,,-
215,Energizing Elixir,,"Restores your stamina, which is used when
performing physical actions such as 
climbing walls or swimming.",Enemy,Energetic Rhino Beetle / Restless Cricket,-,-,-,Cooking Pot,Stamina,1 - 2,-,-,1,-,-,-,-,-,-,-,-,-,Drink,"Restores your stamina, which is used when
performing physical actions such as 
climbing walls or swimming.",-,がんばり薬,"がんばりゲージを回復させる効果
崖登り中や泳いでいるときでも
減ったがんばりを回復できるとても便利な薬",Item_Cook_C_17_StaminaRecover,Item_Cook_C_17_Stamina_Lv1,Item_Cook_C_17_Stamina_Lv2,-
216,Hasty Elixir,,"Grants a low-level haste effect, which
boosts your movement speed while
running, swimming, or climbing.",Enemy,Hot-Footed Frog / Hightail Lizard,-,-,-,Cooking Pot,SpeedUp,1 - 3,-,-,1,-,-,-,-,-,-,-,-,-,Drink,"Grants a midlevel haste effect, which
boosts your movement speed while
running, swimming, or climbing.","Grants a high-level haste effect, which
boosts your movement speed while
running, swimming, or climbing.",ゴーゴー薬,"速く動ける ゴーゴー効果 Lv1
運動神経がすごく良くなる薬
走って登って泳いで すべての動きが速くなる",Item_Cook_C_17_AllSpeed,Item_Cook_C_17_SpeedUp_Lv1,Item_Cook_C_17_SpeedUp_Lv2,Item_Cook_C_17_SpeedUp_Lv3
217,Spicy Elixir,,"Grants a low-level warming effect, increasing
your resistance to cold environments. Very
useful when exploring snow-covered
mountains.",Enemy,Summerwing Butterfly / Warm Darner,-,-,-,Cooking Pot,ResistCold,1 - 2,-,-,1,-,-,-,-,-,-,-,-,-,Drink,"Grants a high-level warming effect,
increasing your resistance to cold
environments. Very useful when exploring
snow-covered mountains.",-,ピリ辛薬,"厳しい寒さに耐えられる 耐寒効果 Lv2
体の芯からポカポカしてくる薬
雪山ではとても頼りになる",Item_Cook_C_17_ResistCold,Item_Cook_C_17_ResistCold_Lv1,Item_Cook_C_17_ResistCold_Lv2,-
218,Chilly Elixir,,"Grants a low-level cooling effect, raising
your body's resistance to heat. Crucial for
long journeys through the desert.",Enemy,Winterwing Butterfly / Cold Darner,-,-,-,Cooking Pot,ResistHot,1 - 2,-,-,1,-,-,-,-,-,-,-,-,-,Drink,"Grants a high-level cooling effect, raising
your body's resistance to heat. Crucial for
long journeys through the desert.",-,ひんやり薬,"厳しい暑さに耐えられる 耐暑効果 Lv1
身体を冷やし 熱を外に逃がす事ができる薬
砂漠の旅には欠かせない",Item_Cook_C_17_ResistHot,Item_Cook_C_17_ResistHot_Lv1,Item_Cook_C_17_ResistHot_Lv2,-
219,Electro Elixir,,"Grants a low-level resistance to electricity.
Useful against enemies with electrical
attacks.",Enemy,Thunderwing Butterfly / Electric Darner,-,-,-,Cooking Pot,ResistElectric,1 - 3,-,-,1,-,-,-,-,-,-,-,-,-,Drink,"Grants a midlevel resistance to electricity.
Useful against enemies with electrical
attacks.","Grants a high-level resistance to electricity.
Useful against enemies with electrical
attacks.",エレキ薬,"電気のしびれに強くなる 耐電効果 Lv1
絶縁効果のある成分を調合した薬
電撃を使う敵との戦いに活躍する",Item_Cook_C_17_ResistElectric,Item_Cook_C_17_ResistElectric_Lv1,Item_Cook_C_17_ResistElectric_Lv2,Item_Cook_C_17_ResistElectric_Lv3
220,Fireproof Elixir,,"Grants a fireproof effect, which prevents your
body from catching fire.
Be sure to pack this when venturing out
to explore caves in Death Mountain.",Enemy,Smotherwing Butterfly / Fireproof Lizard,-,-,-,Cooking Pot,ResistBurn,1 - 2,-,-,1,-,-,-,-,-,-,-,-,-,Drink,"Grants a high-level fireproof effect, which
prevents your body from catching fire.
Be sure to pack this when venturing out
to explore caves in Death Mountain.",-,燃えず薬,"灼熱の環境でも体が燃えない 耐火効果 Lv1
高い耐燃性を持つ素材を原料にしている
デスマウンテンの洞窟に挑む時には 持参したい薬",Item_Cook_C_17_ResistBurn,Item_Cook_C_17_ResistBurn,Item_Cook_C_17_ResistBurn_Lv2,-
221,Mighty Elixir,,"Grants a low-level might effect, which
strengthens your body and mind to boost
your attack power with all weapons.",Enemy,Bladed Rhino Beetle,-,-,-,Cooking Pot,AttackUp,1 - 3,-,-,1,-,-,-,-,-,-,-,-,-,Drink,"Grants a midlevel might effect, which
strengthens your body and mind to boost
your attack power with all weapons.","Grants a high-level might effect, which
strengthens your body and mind to boost
your attack power with all weapons.",チカラ薬,"攻撃が強くなる チカラ効果 Lv1
使うと全身に力がみなぎり
武器を使った攻撃力が増加する",Item_Cook_C_17_AttackUp,Item_Cook_C_17_AttackUp_Lv1,Item_Cook_C_17_AttackUp_Lv2,Item_Cook_C_17_AttackUp_Lv3
222,Tough Elixir,,"Grants a low-level toughness effect, which
fortifies your bones to strengthen your
defense. Best to use before facing off
against hard-hitting enemies.",Enemy,Rugged Rhino Beetle,-,-,-,Cooking Pot,DefenseUp,1 - 3,-,-,1,-,-,-,-,-,-,-,-,-,Drink,"Grants a midlevel toughness effect, which
fortifies your bones to strengthen your
defense. Best to use before facing off
against hard-hitting enemies.","Grants a high-level toughness effect, which
fortifies your bones to strengthen your
defense. Best to use before facing off
against hard-hitting enemies.",カチコチ薬,"叩かれても耐えられる カチコチ効果 Lv1
骨や体幹が強化され 防御力が増す薬
強敵と戦う前には 準備しておきたい",Item_Cook_C_17_DefenseUp,Item_Cook_C_17_DefenseUp_Lv1,Item_Cook_C_17_DefenseUp_Lv2,Item_Cook_C_17_DefenseUp_Lv3
223,Sneaky Elixir,,"Grants a low-level stealth effect, which
calms the nerves and silences footfalls.
Allows you to move about undetected by
monsters and animals.",Enemy,Sunset Firefly,-,-,-,Cooking Pot,Silent,1 - 3,-,-,1,-,-,-,-,-,-,-,-,-,Drink,"Grants a midlevel stealth effect, which
calms the nerves and silences footfalls.
Allows you to move about undetected by
monsters and animals.","Grants a high-level stealth effect, which
calms the nerves and silences footfalls.
Allows you to move about undetected by
monsters and animals.",しのび薬,"近づいても気づかれない しのび効果 Lv1
気持ちを落ち着かせる静けさ成分を含んだ薬
飲むと動物やマモノに気づかれにくくなる",Item_Cook_C_17_QuietnessUp,Item_Cook_C_17_Silent_Lv1,Item_Cook_C_17_Silent_Lv2,Item_Cook_C_17_Silent_Lv3
224,Sticky Elixir,,"Grants a low-level slip resistance to keep you
from slipping on wet surfaces. Its highly
absorptive ingredients make it a must-have
for sudden rainfalls.",Enemy,Sticky Frog / Sticky Lizard,-,-,-,Cooking Pot,ResistSlip,1 - 3,-,-,1,-,-,-,-,-,-,-,-,-,Drink,"Grants a midlevel slip resistance to keep you
from slipping on wet surfaces. Its highly
absorptive ingredients make it a must-have
for sudden rainfalls.","Grants a high-level slip resistance to keep
you from slipping on wet surfaces. Its highly
absorptive ingredients make it a must-have
for sudden rainfalls.",滑らず薬,"濡れた壁面でも滑りにくくなる 滑り止め効果 Lv1
高い吸着性を持つ素材を原料にしている
急な雨に備えて 準備しておきたい",Item_Cook_C_17_NotSlippy,Item_Cook_C_17_ResistSlip_Lv1,Item_Cook_C_17_ResistSlip_Lv2,Item_Cook_C_17_ResistSlip_Lv3
225,Bright Elixir,,"Grants a low-level glow effect, illuminating
your immediate surroundings. This faint
luminescence is a boon in dark places.",Enemy,Deep Firefly,-,-,-,Cooking Pot,Light,1 - 3,-,-,1,-,-,-,-,-,-,-,-,-,Drink,"Grants a midlevel glow effect, illuminating
your immediate surroundings. This faint
luminescence is a boon in dark places.","Grants a high-level glow effect, illuminating
your immediate surroundings. This faint
luminescence is a boon in dark places.",アカリ薬,"狭い範囲を照らす 発光効果 Lv1
自身がほのかに発光して 周囲を照らす
暗闇で持っていると 心強い",Item_Cook_C_17_LightEmission,Item_Cook_C_17_Light_Lv1,Item_Cook_C_17_Light_Lv2,Item_Cook_C_17_Light_Lv3
226,Enduring Elixir,,"Restores stamina and temporarily extends
your Stamina Wheel. The additional stamina
will disappear as it's used.",Enemy,Tireless Frog,-,-,-,Cooking Pot,Guts,-,-,-,1,-,-,-,-,-,-,-,-,-,Drink,-,-,スタミナ薬,"がんばりゲージの上限を増やす効果
減ったがんばりゲージを回復する効果もあるが
増えた分は使うとなくなる",Item_Cook_C_17_ExStaminaMaxUp,Item_Cook_C_17_Guts_Lv1,-,-
227,Hearty Elixir,,"Restores you to full health and increases
your maximum hearts. The additional hearts
are lost as you take damage.",Enemy,Hearty Lizard,-,-,-,Cooking Pot,MaxLife,-,-,All,1,-,-,-,-,-,-,-,-,-,Drink,-,-,マックス薬,"限界を超えてハートが回復する効果
減ったハートを回復する効果もあるが
ダメージを受けると増えた分はなくなる",Item_Cook_C_17_LifeMaxUp,Item_Cook_C_17_MaxLife_Lv1,-,-
228,Fairy Tonic,,"This powerful recovery elixir harnesses the
power of fairies. It has a sweet fragrance.",Fairy,-,-,-,-,Cooking Pot,-,-,-,-,1,-,-,-,-,-,-,-,-,-,Drink,-,-,妖精の力水,"妖精の不思議な力が詰まった 強力な回復薬
ふんわりと甘い香りがする",Item_Cook_C_16,-,-,-