Name,Inventory Icon 1,Inventory Icon 2,Caption,Type,Object Map Link,Cut or Blunt,Property 1,Property 2,Property 3,Base Attack Power,Base Attack Power (UI),Base Attack Up Lv1 Range,Base Attack Up Lv1 Range (UI),Base Attack Up Lv2 Range,Base Attack Up Lv2 Range (UI),Durability,Durability Up Range,Durability Up+ Range,Can Have Long Throw,Fuse Extra Durability,Fusable,Fuse Attack Power,Fuse Property 1,Fuse Property 2,Fuse Property 3,Fuse Property 4,Fuse Property 5,Fuse Property 6,Fuse Base Name,Zonai Fuse Boost,Zonai Fuse Boost (UI),Guard Break Power,Range,Impulse,Buy Price (Rupees),Buy Price (Poes),Buy Price (Zonaite),Scales To,Scales Up When Points Total Is,Scale Up Effect Lv1 When Points Total Is,Scale Up Effect Lv2 When Points Total Is,Flammable,Conducts Electricity,Wettability,Name (Japanese),Caption (Japanese),Inventory Icon 3,Inventory Icon 4,Inventory Icon 5,ActorName 1,ActorName 2,Sheath ActorName,Compendium #,Type Order
Master Sword,,,"The legendary sword that seals the darkness.
Its corruption was healed by its time with the
Light Dragon. The blade gleams with a sacred
luster that can oppose the Demon King.",Sword,-,Cut,+15 Attack Power Against Gloom,-,-,30,-,-,-,-,-,40,-,-,FALSE,25 / 0,FALSE,-,-,-,-,-,-,-,Master Sword,-,-,40,1.6,1500,-,-,-,-,-,-,-,FALSE,TRUE,FALSE,マスターソード,"白龍から引き抜かれた 伝説の退魔の剣
悠久の時を経て 深い傷を癒し
魔王に対抗しうる新たな力を宿した",,,,Weapon_Sword_070,Weapon_Sword_077,Weapon_Sheath_070,329,001
Tree Branch,,,"Wooden branches such as this are pretty
common, but it's surprisingly well-balanced.
It doesn't do much damage but can serve
as a weapon in a pinch.",Sword,Tree Branch,Blunt,-,-,-,2,-,5 - 7,-,8 - 12,-,4,7 - 9,10 - 14,TRUE,10,TRUE,2,Blunt,More Shield Surfing Friction,Shield Bash Attack,Alter Shield Bash Animation,-,-,Branch,-,-,2,1.6,500,-,-,-,-,-,800,"1,333",TRUE,FALSE,FALSE,木の枝,"どこにでも 落ちている木の枝で
振り回すのには ちょうど良いバランス
装備すれば 心もとないが武器として使える",-,-,-,Weapon_Sword_044,Weapon_Sword_167,Weapon_Lsheath_056,330,002
Torch,,-,"This torch will stay lit once ignited, but if you
put it away, the flame will be extinguished
until you light it again.",Sword,Torch,Blunt, Torch,-,-,2,-,5 - 7,-,8 - 12,-,8,11 - 13,14 - 18,TRUE,10,TRUE,2,Blunt,More Shield Surfing Friction,Shield Bash Attack,Alter Shield Bash Animation,Torch,-,Torch,-,-,2,1.6,1500,-,-,-,-,-,800,"1,333",FALSE,FALSE,FALSE,たいまつ,"火をつけると燃え続けるたいまつ
しまうと 火が消えるので
もう一度つける必要がある",-,-,-,Weapon_Sword_043,-,Weapon_Lsheath_056,331,002
Soup Ladle,,-,"A kitchen implement often used for serving
delicious soups. It was carved from the wood
of a sturdy tree, so it actually packs quite
the wallop.",Sword,Soup Ladle,Blunt,-,-,-,4,-,7 - 9,-,10 - 14,-,5,8 - 10,11 - 15,TRUE,10,TRUE,4,Blunt,More Shield Surfing Friction,Shield Bash Attack,Alter Shield Bash Animation,-,-,Ladle,-,-,5,1.6,100,-,-,-,-,-,"1,066","1,600",TRUE,FALSE,FALSE,木のオタマ,"スープをすくったり 炒め物で使われる料理道具
硬い木を削りだして作られているので
これで叩かれると結構痛い",-,-,-,Weapon_Sword_022,-,Weapon_Lsheath_056,332,002
Boomerang,,-,"A decayed wooden boomerang. A useful tool
that comes back after you throw it. Its current
state has not lessened its performance.",Sword,Boomerang,Cut,Boomerang,-,-,6,-,9 - 11,-,12 - 16,-,16,19 - 21,22 - 26,FALSE,25,TRUE,6,More Shield Surfing Friction,Shield Bash Attack,Alter Shield Bash Animation,-,-,-,Boomerang,-,-,8,1.6,1500,-,-,-,Lizal Boomerang,"2,933","1,866","2,400",TRUE,FALSE,FALSE,ブーメラン,"朽ちてしまった木製ブーメラン
投げても手元に戻ってくる 便利な武具で
朽ちていても その特性に変わりはない",-,-,-,Weapon_Sword_105,-,Weapon_Sheath_051,333,002
Boomerang✨,,-,"This throwing weapon was originally used by
the forest-dwelling Koroks. Its unique shape
allows it to return after being thrown.",Sword,Boomerang✨,Cut,Boomerang,-,-,8,-,11 - 13,-,14 - 18,-,18,21 - 23,24 - 28,FALSE,25,TRUE,8,More Shield Surfing Friction,Shield Bash Attack,Alter Shield Bash Animation,-,-,-,Boomerang,-,-,8,1.6,1500,-,-,-,-,-,"1,600","2,133",TRUE,FALSE,FALSE,ブーメラン,"元々は森の民コログの武器
独特な形状は 投げても手元に戻ってくるよう
計算されて作られている",-,-,-,Weapon_Sword_051,-,Weapon_Sheath_051,334,002
Sea-Breeze Boomerang,,-,"A boomerang said to have been used by a
hero who traveled the Great Sea. It smells
faintly of salt water.",Sword,Sea-Breeze Boomerang,Cut,Boomerang,-,-,16,-,-,-,-,-,20,-,-,FALSE,25,TRUE,16,More Shield Surfing Friction,Shield Bash Attack,Alter Shield Bash Animation,-,-,-,Boomerang,-,-,8,1.6,1500,-,100,-,-,-,-,-,TRUE,FALSE,FALSE,海風のブーメラン,"大海原を旅した勇者が
愛用したといわれている ブーメラン
ほんのりと潮のかおりがする",-,-,-,Weapon_Sword_059,-,Weapon_Sheath_059,335,002
Traveler's Sword,,-,"An average sword used largely by travelers.
The blade has decayed, but it can still serve
its purpose.",Sword,Traveler's Sword,Cut,-,-,-,5,-,8 - 10,-,11 - 15,-,16,19 - 21,22 - 26,TRUE,25,TRUE,5,More Shield Surfing Friction,Shield Bash Attack,Alter Shield Bash Animation,-,-,-,Sword,-,-,5,1.6,1500,-,-,-,Soldier's Broadsword,"2,266","1,200","1,733",FALSE,TRUE,FALSE,旅人の剣,"旅人に広く普及していた一般的な剣
刀身部分が朽ちてしまっているが
一応 斬る目的に使う事ができる",-,-,-,Weapon_Sword_106,-,Weapon_Sheath_001,336,002
Traveler's Sword✨,,-,"A very common sword often kept by travelers
to fend off small beasts. It's fairly durable
but a bit unreliable against monsters.",Sword,Traveler's Sword✨,Cut,-,-,-,7,-,10 - 12,-,13 - 17,-,20,23 - 25,26 - 30,TRUE,25,TRUE,7,More Shield Surfing Friction,Shield Bash Attack,Alter Shield Bash Animation,-,-,-,Sword,-,-,5,1.6,1500,-,-,-,-,-,"1,466","2,000",FALSE,TRUE,FALSE,旅人の剣,"主に危険な野生動物に対する備えとして
ハイラル全土で使われていた剣
壊れにくいが魔物相手には少し心もとない",-,-,-,Weapon_Sword_001,-,Weapon_Sheath_001,337,002
Soldier's Broadsword,,-,"A light, thin metal sword used by the guards
of Hyrule Castle. Its light weight makes it
easy to handle and enables quicker charged
attacks.",Sword,Soldier's Broadsword,Cut,Quick Charge,-,-,6,-,9 - 11,-,12 - 16,-,17,20 - 22,23 - 27,TRUE,25,TRUE,6,More Shield Surfing Friction,Shield Bash Attack,Alter Shield Bash Animation,-,-,-,Broadsword,-,-,14,1.6,1500,-,-,-,Knight's Broadsword,"2,800","1,733","2,266",FALSE,TRUE,FALSE,兵士の剣,"城の兵士が使っていた薄く軽い金属製の剣
軽くて扱いやすいため
タメ攻撃を素早く繰り出せる",-,-,-,Weapon_Sword_112,-,Weapon_Sheath_002,338,002
Soldier's Broadsword✨,,-,"A sword brandished by soldiers who once
protected Hyrule Castle. Its blade is well
tuned for slaying monsters as it enables
quicker charged attacks.",Sword,Soldier's Broadsword✨,Cut,Quick Charge,-,-,12,-,15 - 17,-,18 - 22,-,23,26 - 28,29 - 33,TRUE,25,TRUE,12,More Shield Surfing Friction,Shield Bash Attack,Alter Shield Bash Animation,-,-,-,Sword,-,-,14,1.6,1500,-,-,-,-,-,"2,533","3,066",FALSE,TRUE,FALSE,兵士の剣,"かつてハイラル城を守る兵士が使っていた剣
魔物と渡り合う事ができる斬れ味を持ち
タメ攻撃を素早く繰り出す事ができる",-,-,-,Weapon_Sword_002,-,Weapon_Sheath_002,339,002
Knight's Broadsword,,-,"Knights of Hyrule once carried this sword.
Even in its decayed state, it shows its true
resolve in desperation and can yield powerful
attacks when you're down to your last heart.",Sword,Knight's Broadsword,Cut,x2 Attack Power While Low Health,-,-,7,-,10 - 12,-,13 - 17,-,18,21 - 23,24 - 28,TRUE,25,TRUE,7,More Shield Surfing Friction,Shield Bash Attack,Alter Shield Bash Animation,-,-,-,Broadsword,-,-,26,1.6,1500,-,-,-,Royal Broadsword,"4,266","3,200","3,733",FALSE,TRUE,FALSE,騎士の剣,"城を守る騎士が装備していた剣 ピンチの時に
真価を発揮し ハートの残りが1個以下の時
強力な攻撃を繰り出せる",-,-,-,Weapon_Sword_113,-,Weapon_Sheath_003,340,002
Knight's Broadsword✨,,-,"Knights of Hyrule Castle once carried this
sword. It can yield powerful attacks when
you're down to your last heart.",Sword,Knight's Broadsword✨,Cut,x2 Attack Power While Low Health,-,-,18,-,21 - 23,-,24 - 28,-,27,30 - 32,33 - 37,TRUE,25,TRUE,18,More Shield Surfing Friction,Shield Bash Attack,Alter Shield Bash Animation,-,-,-,Sword,-,-,26,1.6,1500,-,-,-,-,-,"4,666","5,200",FALSE,TRUE,FALSE,騎士の剣,"ハイラル城の騎士たちが携えていた剣
ハートの残りが1個まで減ると 
強力な攻撃を繰り出す事ができる",-,-,-,Weapon_Sword_003,-,Weapon_Sheath_003,341,002
Royal Broadsword,,-,"A sword gifted to accomplished knights by the
royal family. Crafted for sword masters, it
increases the power of flurry rush during
perfect dodge.",Sword,Royal Broadsword,Cut,x2 Attack Power During Flurry Rush,-,-,10,-,13 - 15,-,16 - 20,-,20,23 - 25,26 - 30,TRUE,25,TRUE,10,More Shield Surfing Friction,Shield Bash Attack,Alter Shield Bash Animation,-,-,-,Broadsword,-,-,36,1.6,1500,-,-,-,-,-,"5,466","6,000",FALSE,TRUE,FALSE,王家の剣,"王家が特別な功績をあげた騎士に与えた剣
剣術に長けた者の為に鍛えられ 回避ジャスト時の
ラッシュ攻撃が強力になる 特性を持つ",-,-,-,Weapon_Sword_124,-,Weapon_Sheath_024,342,002
Royal Broadsword✨,,-,"The Hyrulean royal family would award this
sword to knights who achieved remarkable
feats. It increases the power of flurry rush
during a perfect dodge.",Sword,Royal Broadsword✨,Cut,x2 Attack Power During Flurry Rush,-,-,24,-,27 - 29,-,30 - 34,-,35,38 - 40,41 - 45,TRUE,25,TRUE,24,More Shield Surfing Friction,Shield Bash Attack,Alter Shield Bash Animation,-,-,-,Broadsword,-,-,36,1.6,1500,-,-,-,-,-,"7,333","7,866",FALSE,TRUE,FALSE,王家の剣,"目覚ましい功績をあげた騎士に対して
ハイラル王家から与えられた剣 回避ジャスト時の
ラッシュ攻撃が強力になる 特性を持つ",-,-,-,Weapon_Sword_024,-,Weapon_Sheath_024,343,002
Forest Dweller's Sword,,-,"A living, wooden Korok sword with a decayed
blade. Bursting materials attached to the tip
can be reused again and again.",Sword,Forest Dweller's Sword,Cut,Reuse Bursting Materials,-,-,7,-,10 - 12,-,13 - 17,-,17,20 - 22,23 - 27,TRUE,25,TRUE,7,More Shield Surfing Friction,Shield Bash Attack,Alter Shield Bash Animation,-,-,-,Sword,-,-,8,1.6,1500,-,-,-,-,-,"1,466","2,000",TRUE,FALSE,FALSE,森人の剣,"刀身が朽ちてしまった コログ族の木製の剣
剣自体が生命力を宿しており 剣先に破裂する実を
付けると その特性を繰り返し利用できる",-,-,-,Weapon_Sword_125,-,Weapon_Sheath_025,344,002
Forest Dweller's Sword✨,,-,"Koroks crafted this wooden sword for Hylians.
It might not be the best choice for head-on
attacks, but bursting materials attached to the
tip can be reused again and again.",Sword,Forest Dweller's Sword✨,Cut,Reuse Bursting Materials,-,-,16,-,19 - 21,-,22 - 26,-,27,30 - 32,33 - 37,TRUE,25,TRUE,16,More Shield Surfing Friction,Shield Bash Attack,Alter Shield Bash Animation,-,-,-,Sword,-,-,8,1.6,1500,-,-,-,-,-,"2,666","3,200",TRUE,FALSE,FALSE,森人の剣,"コログ族が人間のために作ったといわれる
主に護身用として使われる剣 破裂する実を
剣先に付けると その特性を何度も利用できる",-,-,-,Weapon_Sword_025,-,Weapon_Sheath_025,345,002
Zora Sword,,-,"A long Zora sword with a decaying blade.
Made of a metal favored by the Zora, it
yields a high attack power when it gets wet.",Sword,Zora Sword,Cut,x2 Attack Power While Wet,-,-,6,-,9 - 11,-,12 - 16,-,20,23 - 25,26 - 30,TRUE,25,TRUE,6,More Shield Surfing Friction,Shield Bash Attack,Alter Shield Bash Animation,-,-,-,Sword,-,-,10,1.6,1500,-,-,-,-,-,"1,333","1,866",FALSE,TRUE,FALSE,ゾーラの剣,"刀身が朽ちてしまったゾーラ族の細身の剣
ゾーラ族と相性の良い金属を鍛えたもので
水に濡れると高い攻撃力を発揮する",-,-,-,Weapon_Sword_127,-,Weapon_Sheath_027,346,002
Zora Sword✨,,-,"A unique sword with a thin blade of Zora
design that yields high attack power when
wet. This blade takes to water like a Zora.",Sword,Zora Sword✨,Cut,x2 Attack Power While Wet,-,-,12,-,15 - 17,-,18 - 22,-,27,30 - 32,33 - 37,TRUE,25,TRUE,12,More Shield Surfing Friction,Shield Bash Attack,Alter Shield Bash Animation,-,-,-,Sword,-,-,10,1.6,1500,-,-,-,-,-,"2,133","2,666",FALSE,TRUE,FALSE,ゾーラの剣,"細い刀身とゾーラ族特有の装飾が特徴的な剣
水に濡れると高い攻撃力を発揮する 特性を持ち
水を得たゾーラの如き剣 とも呼ばれていた",-,-,-,Weapon_Sword_027,-,Weapon_Sheath_027,347,002
Feathered Edge,,-,"A double-edged Rito sword with a decayed
blade. Swinging it produces a strong wind.",Sword,Feathered Edge,Cut,Wind Burst,-,-,6,-,9 - 11,-,12 - 16,-,18,21 - 23,24 - 28,TRUE,25,TRUE,6,More Shield Surfing Friction,Shield Bash Attack,Alter Shield Bash Animation,-,-,-,Edge,-,-,8,1.6,1500,-,-,-,-,-,"1,333","1,866",FALSE,TRUE,FALSE,風切羽の剣,"刀身が朽ちてしまったリト族の両刃の剣
独特な形状の刃は 振るたびに 
大きな風を巻き起こす事ができる",-,-,-,Weapon_Sword_131,-,Weapon_Sheath_031,348,002
Feathered Edge✨,,-,"Rito craftsmen forged this lightweight, double-
edged sword so Rito warriors could maneuver
quickly in midair. Swinging it produces a
strong wind.",Sword,Feathered Edge✨,Cut,Wind Burst,-,-,13,-,16 - 18,-,19 - 23,-,27,30 - 32,33 - 37,TRUE,25,TRUE,13,More Shield Surfing Friction,Shield Bash Attack,Alter Shield Bash Animation,-,-,-,Edge,-,-,8,1.6,1500,-,-,-,-,-,"2,266","2,800",FALSE,TRUE,FALSE,風切羽の剣,"リト族が使う両刃の剣 空中でも素早い動きが
できるように工夫されており 振る事で
大きな風を巻き起こす 特性を持つ",-,-,-,Weapon_Sword_031,-,Weapon_Sheath_031,349,002
Gerudo Scimitar,,-,"A decaying scimitar from the Gerudo region, it
is designed for maximizing force. Attaching a
material greatly enhances the material's
power but doesn't add as much durability.",Sword,Gerudo Scimitar,Cut,x2 Fuse Attack Power,-,-,8,-,11 - 13,-,14 - 18,-,10,13 - 15,16 - 20,TRUE,5,TRUE,8,More Shield Surfing Friction,Shield Bash Attack,Alter Shield Bash Animation,-,-,-,Scimitar,-,-,12,1.6,1500,-,-,-,-,-,"1,600","2,133",FALSE,TRUE,FALSE,ゲルドのナイフ,"刀身が朽ちてしまったゲルド地方のナイフ 先端に
力が集中しやすく 剣に大きな負荷を与える代わり
切先の素材の力を限界まで引き出す 特性を持つ",-,-,-,Weapon_Sword_129,-,Weapon_Sheath_029,350,002
Gerudo Scimitar✨,,-,"The most commonly used sword in the
Gerudo region. Attaching a material greatly
enhances the material's power but doesn't
add as much durability.",Sword,Gerudo Scimitar✨,Cut,x2 Fuse Attack Power,-,-,17,-,20 - 22,-,23 - 27,-,14,17 - 19,20 - 24,TRUE,5,TRUE,17,More Shield Surfing Friction,Shield Bash Attack,Alter Shield Bash Animation,-,-,-,Scimitar,-,-,12,1.6,1500,-,-,-,-,-,"2,800","3,333",FALSE,TRUE,FALSE,ゲルドのナイフ,"ゲルド地方で使われていた最も一般的な剣
素材を付けると 剣に大きな負荷を与える代わり
その力を限界まで引き出す 特性を持つ",-,-,-,Weapon_Sword_029,-,Weapon_Sheath_029,351,002
Scimitar of the Seven,,-,"A famous sword once beloved by the Gerudo
Champion Urbosa. It is said that when
Urbosa swung this sword in battle, her
movements resembled a beautiful dance.",Sword,-,Cut,x2 Fuse Attack Power,-,-,28,-,-,-,-,-,60,-,-,FALSE,25,TRUE,28,More Shield Surfing Friction,Shield Bash Attack,Alter Shield Bash Animation,-,-,-,Scimitar,-,-,30,1.6,1500,-,-,-,-,-,-,-,FALSE,TRUE,FALSE,七宝のナイフ,"英傑ウルボザが愛用していた屈指の名剣
ウルボザがこの剣を振るう姿は
華麗な踊りのようだったと伝えられている",-,-,-,Weapon_Sword_052,-,Weapon_Sheath_052,352,002
Eightfold Blade,,-,"A single-edged sword of the Sheikah tribe. 
Its small blade, now decayed, is suited for
covert actions and yields more powerful
sneakstrikes than ordinary blades.",Sword,Eightfold Blade,Cut,x2 Sneakstrike Attack Power,-,-,6,-,9 - 11,-,12 - 16,-,16,19 - 21,22 - 26,TRUE,25,TRUE,6,More Shield Surfing Friction,Shield Bash Attack,Alter Shield Bash Animation,-,-,-,Blade,-,-,15,1.6,1500,110,-,-,-,-,800,"1,333",FALSE,TRUE,FALSE,残心の小刀,"刀身が朽ちてしまったシーカー族の片刃の剣
小さな刀身は隠密行動に適しており
普通より ふいうちの威力が高い",-,-,-,Weapon_Sword_114,-,Weapon_Sheath_041,353,002
Eightfold Blade✨,,-,"A single-edged sword traditional to the
Sheikah tribe. It just may be among the
sharpest conventional weapons ever made.
It can yield more powerful sneakstrikes.",Sword,Eightfold Blade✨,Cut,x2 Sneakstrike Attack Power,-,-,15,-,18 - 20,-,21 - 25,-,26,29 - 31,32 - 36,TRUE,25,TRUE,15,More Shield Surfing Friction,Shield Bash Attack,Alter Shield Bash Animation,-,-,-,Blade,-,-,15,1.6,1500,-,-,-,-,-,"2,533","3,066",FALSE,TRUE,FALSE,残心の小刀,"シーカー族の伝統的な片刃の剣
他に類をみない細身の刀身と 切れ味を持っており
普通より ふいうちの威力が高くなる 特性を持つ",-,-,-,Weapon_Sword_041,-,Weapon_Sheath_041,354,002
Rusty Broadsword,,-,"This once-fearsome sword has seen better
days. It can do some damage in the right
hands but also breaks quickly.",Sword,Rusty Broadsword,Cut,-,-,-,5,-,8 - 10,-,11 - 15,-,6,9 - 11,12 - 16,TRUE,10,TRUE,5,More Shield Surfing Friction,Shield Bash Attack,Alter Shield Bash Animation,-,-,-,Broadsword,-,-,5,1.6,1500,-,-,-,-,-,"1,200","1,733",FALSE,TRUE,FALSE,錆びた剣,"はるかな昔 名のある剣士が使っていたであろう
錆び付いた片手剣
一応使えるが すぐに壊れてしまう",-,-,-,Weapon_Sword_021,-,Weapon_Sheath_021,355,002
Sword of the Hero,,-,"A sword once wielded by a hero in an ancient
age. When it's grasped, a strange sense of
nostalgia washes over you. Take it when
going alone would otherwise be dangerous.",Sword,Sword of the Hero,Cut,-,-,-,17,-,-,-,-,-,27,-,-,FALSE,25,TRUE,17,More Shield Surfing Friction,Shield Bash Attack,Alter Shield Bash Animation,-,-,-,Sword,-,-,5,1.6,1500,-,100,-,-,-,-,-,FALSE,TRUE,FALSE,始まりの剣,"古の時代の勇者が使っていたとされる剣
手にすると不思議と懐かしい気持ちになる",-,-,-,Weapon_Sword_058,-,Weapon_Sheath_058,356,002
Royal Guard's Sword,,-,"A prototypical sword for knights. Its metal
may not be as durable as others, but the
sword yields massive destructive power just
before it breaks.",Sword,Royal Guard's Sword,Cut,x2 Attack Power While Low Durability,-,-,22,-,25 - 27,-,28 - 32,-,10,13 - 15,16 - 20,TRUE,10,TRUE,22,More Shield Surfing Friction,Shield Bash Attack,Alter Shield Bash Animation,-,-,-,Sword,-,-,48,1.6,1500,-,-,-,-,-,"7,066","7,600",FALSE,TRUE,FALSE,近衛の剣,"近衛騎士の装備として試作された剣 耐久力に
難がある特殊な金属を用いているが
壊れそうになると大きな攻撃力を発揮する",-,-,-,Weapon_Sword_147,-,Weapon_Sheath_047,357,002
Royal Guard's Sword✨,,-,"A weapon made by the Sheikah using ancient
technology. Its low durability is a downside,
but it yields massive destructive power just
before it breaks.",Sword,Royal Guard's Sword✨,Cut,x2 Attack Power While Low Durability,-,-,30,-,33 - 35,-,36 - 40,-,12,15 - 17,18 - 22,TRUE,10,TRUE,30,More Shield Surfing Friction,Shield Bash Attack,Alter Shield Bash Animation,-,-,-,Sword,-,-,48,1.6,1500,-,-,-,-,-,"8,133","8,666",FALSE,TRUE,FALSE,近衛の剣,"古代の技術を使い シーカー族が造った武器
耐久性に問題があるが 壊れそうになると
大きな攻撃力を発揮する 特性を持つ",-,-,-,Weapon_Sword_047,-,Weapon_Sheath_047,358,002
White Sword of the Sky,,-,"A sword said to have once belonged to a
hero from the sky. Its beautiful white blade
stands out. When it's wielded, a strange yet
heavenly breeze kicks up around you.",Sword,White Sword of the Sky,Cut,-,-,-,24,-,-,-,-,-,45,-,-,FALSE,25,TRUE,24,More Shield Surfing Friction,Shield Bash Attack,Alter Shield Bash Animation,-,-,-,Sword,-,-,5,1.6,1500,-,-,-,-,-,-,-,FALSE,TRUE,FALSE,天空の白刃剣,"空から現れた勇者が手にしたといわれる剣
まっすぐに伸びた 美しい白い刃が特徴的
構えると 不思議と大空の風を感じる",-,-,-,Weapon_Sword_057,-,Weapon_Sheath_057,359,002
Wooden Stick,,,"A tree branch with an added grip and
excellent balance. Equip it, and use it as a
weapon.",Sword,Wooden Stick,Blunt,-,-,-,4,-,7 - 9,-,10 - 14,-,12,15 - 17,18 - 22,TRUE,25,TRUE,4,Blunt,More Shield Surfing Friction,Shield Bash Attack,Alter Shield Bash Animation,-,-,Stick,-,-,4,1.6,1500,-,-,-,Sturdy Wooden Stick,"2,133","1,066","1,600",TRUE,FALSE,FALSE,木の棒,"樹木の枝を 持ちやすいように加工した棒で
振り回すのに 絶妙なバランスに仕上がっている
装備すれば 武器として使える",-,-,-,Weapon_Sword_103,Weapon_Sword_168,Weapon_Sheath_103,360,002
Sturdy Wooden Stick,,-,"A stick made out of a hard tree branch.
The tree soaked up lots of sunshine, so
it's sturdier than a regular stick and has
high durability.",Sword,Sturdy Wooden Stick,Blunt,-,-,-,5,-,8 - 10,-,11 - 15,-,24,27 - 29,30 - 34,TRUE,25,TRUE,5,Blunt,More Shield Surfing Friction,Shield Bash Attack,Alter Shield Bash Animation,-,-,Bat,-,-,4,1.6,1500,-,-,-,Gnarled Wooden Stick,"2,666","1,600","2,133",TRUE,FALSE,FALSE,丈夫な木の棒,"硬い樹木の枝を加工した棒
太陽の光をたっぷりと浴びた木の枝らしく
普通のものよりしっかりとしていて 耐久力が高い",-,-,-,Weapon_Sword_108,-,Weapon_Sheath_108,361,002
Gnarled Wooden Stick,,-,"A very swingable stick made by honing a dried
branch to the proper thickness and length. Its
attack power is much greater than that of a
normal stick.",Sword,Gnarled Wooden Stick,Blunt,-,-,-,14,-,17 - 19,-,20 - 24,-,14,17 - 19,20 - 24,TRUE,25,TRUE,14,Blunt,More Shield Surfing Friction,Shield Bash Attack,Alter Shield Bash Animation,-,-,Club,-,-,4,1.6,1500,-,-,-,-,-,"4,133","4,666",TRUE,FALSE,FALSE,節くれ木の棒,"乾いた枝を手ごろな大きさに加工した棒
太さと長さは振り回すのに申し分なく
普通の木の棒より 攻撃力がとても高い",-,-,-,Weapon_Sword_109,-,Weapon_Sheath_109,362,002
Lizal Boomerang,,-,"A curved sword favored by the Lizalfos.
It's made of metal so it can safely be used
near fire. If you throw it, it will return to you.",Sword,Lizal Boomerang,Cut,Boomerang,-,-,8,-,11 - 13,-,14 - 18,-,17,20 - 22,23 - 27,FALSE,25,TRUE,8,More Shield Surfing Friction,Shield Bash Attack,Alter Shield Bash Animation,-,-,-,Boomerang,-,-,16,1.6,1500,-,-,-,-,-,"3,200","3,733",FALSE,TRUE,FALSE,リザルブーメラン,"リザルフォスが好んで使う 湾曲した剣
金属製のため 火気の多い場所でも安心して使える
投げると自分のところに戻ってくる特徴がある",-,-,-,Weapon_Sword_107,-,Weapon_Sheath_007,363,002
Zonaite Sword,,-,"A Zonai sword made of zonaite. It resonates
with attached Zonai devices to slightly
increase its attack power.",Sword,Zonaite Sword,Cut,Zonai Attack Power, Zonai Energy Efficiency, Blunt With Any Fusion,6,-,9 - 11,-,12 - 16,-,15,18 - 20,21 - 25,TRUE,25,TRUE,6,More Shield Surfing Friction,Shield Bash Attack,Alter Shield Bash Animation,Zonai,-,-,Sword,3,3,12,1.6,1500,-,-,-,Strong Zonaite Sword,"2,933","1,866","2,400",FALSE,FALSE,FALSE,ゾナニウムの剣,"素材にゾナニウムを使った ゾナウ族の剣
先端にゾナウギアやゾナウ文明の素材を付けると
通常より攻撃力がわずかに上がる 特性を持つ",-,-,-,Weapon_Sword_101,-,Weapon_Sheath_101,364,002
Strong Zonaite Sword,,-,"A strong Zonai sword made of zonaite.
It resonates with attached Zonai devices
to increase some of its attack power.",Sword,Strong Zonaite Sword,Cut,Zonai Attack Power, Zonai Energy Efficiency, Blunt With Any Fusion,7,-,10 - 12,-,13 - 17,-,16,19 - 21,22 - 26,TRUE,25,TRUE,7,More Shield Surfing Friction,Shield Bash Attack,Alter Shield Bash Animation,Zonai,-,-,Sword,5,5,12,1.6,1500,-,-,-,Mighty Zonaite Sword,"4,400","3,333","3,866",FALSE,FALSE,FALSE,ゾナニウムの強剣,"素材にゾナニウムを使った ゾナウ族の丈夫な剣
剣先のゾナウギアやゾナウ文明の素材に共鳴し
通常より攻撃力が上がる 特性を持つ",-,-,-,Weapon_Sword_163,-,Weapon_Sheath_101,365,002
Mighty Zonaite Sword,,-,"A powerful sword used by Zonai and made of
zonaite. It resonates with attached Zonai
devices to greatly increase its attack power.",Sword,Mighty Zonaite Sword,Cut,Zonai Attack Power, Zonai Energy Efficiency, Blunt With Any Fusion,10,-,13 - 15,-,16 - 20,-,18,21 - 23,24 - 28,TRUE,25,TRUE,10,More Shield Surfing Friction,Shield Bash Attack,Alter Shield Bash Animation,Zonai,-,-,Sword,10,10,12,1.6,1500,-,-,45,-,-,"4,533","5,066",FALSE,FALSE,FALSE,ゾナニウムの剛剣,"ゾナニウムを素材とした ゾナウ族の強力な剣
ゾナウギアやゾナウ文明の素材を付けると
通常より攻撃力が大きく上がる 特性を持つ",-,-,-,Weapon_Sword_164,-,Weapon_Sheath_101,366,002
Magic Rod,,-,"A small and intensely magic rod, it's said
to have been wielded by an ancient magician
who awoke maximum latent power in gems.",Sword,Magic Rod,Blunt,-,-,-,6,-,-,-,-,-,14,-,-,FALSE,25,TRUE,6,Blunt,More Shield Surfing Friction,Shield Bash Attack,Alter Shield Bash Animation,-,-,Rod,-,-,2,1.6,1500,-,100,-,-,-,-,-,FALSE,FALSE,FALSE,魔法の杖,"不思議な魔力を感じる小さな杖
古代の魔術師はこの杖を用いる事で
宝石に眠る力を最大限に発揮できていたようだ",-,-,-,Weapon_Sword_161,-,Weapon_Sheath_161,367,002
Bokoblin Arm,,-,"A skeletal arm that keeps moving even after
it’s severed from its body. It's kind of gross to
strap it to your back, but it'll do in a pinch.
It's old and fragile, so it's quick to break.",Sword,Bokoblin Arm,Blunt,Bone,-,-,20,-,23 - 25,-,26 - 30,-,5,8 - 10,11 - 15,TRUE,3,TRUE,20,Blunt,More Shield Surfing Friction,Shield Bash Attack,Alter Shield Bash Animation,Bone,-,Bones,-,-,3,1.6,1500,-,-,-,-,-,"3,200","3,733",FALSE,FALSE,FALSE,ボコブリンの骨,"切り離されても動き続ける 不気味な腕の骨
あまりポーチに入れておきたくない
古びて もろくなっているのですぐ壊れる",-,-,-,Weapon_Sword_019,-,Weapon_Sheath_019,368,002
Lizalfos Arm,,-,"The arm of a Stalizalfos that continues to
struggle even in death. It can be used as a
weapon, but it's very brittle. You can feel it
wiggling when you strap it to your back...",Sword,Lizalfos Arm,Blunt,Boomerang, Bone,Rotate Z When Thrown,22,-,25 - 27,-,28 - 32,-,5,8 - 10,11 - 15,TRUE,3,TRUE,22,Blunt,More Shield Surfing Friction,Shield Bash Attack,Alter Shield Bash Animation,Bone,-,Bones,-,-,3,1.6,1500,-,-,-,-,-,"3,466","4,000",FALSE,FALSE,FALSE,リザルフォスの骨,"死してなお動き続ける スタルリザルフォスの骨
振り回せば武器として使えるが もろい
背負っている時も 動きが少し気になる…",-,-,-,Weapon_Sword_020,-,Weapon_Sheath_019,369,002
Gloom Sword,,-,"This slender sword has an ominous presence.
It is said to end the life of anyone it touches.
Its gloom will gradually wear down the body of
its wielder.",Sword,Gloom Sword,Cut,Self Inflict Gloom,-,-,41,-,44 - 46,-,47 - 51,-,15,18 - 20,21 - 25,TRUE,10,TRUE,41,More Shield Surfing Friction,Shield Bash Attack,Alter Shield Bash Animation,-,-,-,Sword,-,-,48,1.6,1500,-,-,-,-,-,"6,000","6,533",FALSE,TRUE,FALSE,瘴気の剣,"禍々しい気配を放つ細身の剣
触れた者の生命を断ち切ると言われている
この剣を持つ者は 身体が少しずつ瘴気に蝕まれる",-,-,-,Weapon_Sword_166,-,Weapon_Sheath_166,370,002
Farming Hoe,,-,"A farming tool primarily used for tilling fields.
Its fine craftsmanship is sturdy enough
to withstand backbreaking fieldwork, but
its battle applications are untested.",Large Sword,Farming Hoe,Blunt,-,-,-,7,6,10 - 12,9 - 11,13 - 17,12 - 16,6,9 - 11,12 - 16,TRUE,10,TRUE,6,Blunt,More Shield Surfing Friction,Expand Hitbox,Shield Bash Attack,Alter Shield Bash Animation,-,Hoe,-,-,3,1.8,3000,-,-,-,-,-,"1,466","2,000",FALSE,TRUE,FALSE,畑のクワ,"土を掘り起こし 畑をたがやすのに使われる農具
畑仕事に耐えられるような 丈夫な作りをしており
使いようによっては十分 武器になる",-,-,-,Weapon_Lsword_045,-,Weapon_Lsheath_056,371,003
Boat Oar,,-,"Made for paddling boats, but it was made
sturdy enough to fight strong currents.
Maybe it's useful for self-defense in a pinch.",Large Sword,Boat Oar,Blunt,-,-,-,5,4,8 - 10,7 - 9,11 - 15,10 - 14,8,11 - 13,14 - 18,TRUE,10,TRUE,4,Blunt,Shield Bash Attack,More Shield Surfing Friction,Expand Hitbox,Alter Shield Bash Animation,-,Oar,-,-,3,1.8,3000,-,-,-,-,-,"1,200","1,733",TRUE,FALSE,FALSE,船のオール,"漁船に備え付けられている道具
本来武器ではないが 護身用には十分使える
水に強い木材で作られており 結構丈夫",-,-,-,Weapon_Lsword_038,-,Weapon_Lsheath_056,372,003
Giant Boomerang,,-,"A massive boomerang that is weathered and
decayed. It was originally used for hunting,
but it can be a challenge to wield. Thrown
well, it will come back to the thrower.",Large Sword,Giant Boomerang,Cut,Boomerang,-,-,12,11,15 - 17,14 - 16,18 - 22,17 - 21,18,21 - 23,24 - 28,FALSE,25,TRUE,11,More Shield Surfing Friction,Expand Hitbox,Shield Bash Attack,Alter Shield Bash Animation,-,-,Boomerang,-,-,12,1.8,3000,-,-,-,-,-,"3,733","4,266",FALSE,TRUE,FALSE,ビッグブーメラン,"朽ちてしまった巨大なブーメラン
元々は狩猟用だった物で 扱いが非常に難しい
うまく投げると 使用者の元に戻ってくる",-,-,-,Weapon_Lsword_174,-,Weapon_Lsheath_051,373,003
Giant Boomerang✨,,-,"This massive boomerang requires two hands.
Originally used for hunting, it was modified
for use as a weapon. The blades on the
inner curves make it a bit tricky to wield.",Large Sword,Giant Boomerang✨,Cut,Boomerang,-,-,25,23,28 - 30,26 - 28,31 - 35,29 - 33,40,43 - 45,46 - 50,FALSE,25,TRUE,23,More Shield Surfing Friction,Expand Hitbox,Shield Bash Attack,Alter Shield Bash Animation,-,-,Boomerang,-,-,12,1.8,3000,-,-,-,-,-,"3,866","4,400",FALSE,TRUE,FALSE,ビッグブーメラン,"両手で振るう必要があるほど巨大なブーメラン
狩猟用だった物を戦闘用に改良しており
湾曲した内側に刃がある  扱いが非常に難しい",-,-,-,Weapon_Lsword_051,-,Weapon_Lsheath_051,374,003
Traveler's Claymore,,-,"A basic two-handed sword once wielded by
aspiring adventurers. It's decayed and no
longer cuts well, but it can still knock a shield
right out of enemies' hands.",Large Sword,Traveler's Claymore,Cut,-,-,-,7,6,10 - 12,9 - 11,13 - 17,12 - 16,16,19 - 21,22 - 26,TRUE,25,TRUE,6,More Shield Surfing Friction,Expand Hitbox,Shield Bash Attack,Alter Shield Bash Animation,-,-,Claymore,-,-,10,1.8,3000,-,-,-,Soldier's Claymore,"2,533","1,466","2,000",FALSE,TRUE,FALSE,旅人の両手剣,"各地を旅する冒険者が愛用した汎用の両手剣
朽ちて斬れ味は良くないが
敵の構えた盾を吹き飛ばす事ができる",-,-,-,Weapon_Lsword_106,-,Weapon_Lsheath_001,375,003
Traveler's Claymore✨,,-,"A basic two-handed sword once wielded by
aspiring adventurers. Its immense weight can
knock enemies' shields right out of their
hands.",Large Sword,Traveler's Claymore✨,Cut,-,-,-,10,9,13 - 15,12 - 14,16 - 20,15 - 19,20,23 - 25,26 - 30,TRUE,25,TRUE,9,More Shield Surfing Friction,Expand Hitbox,Shield Bash Attack,Alter Shield Bash Animation,-,-,Claymore,-,-,10,1.8,3000,-,-,-,-,-,"1,866","2,400",FALSE,TRUE,FALSE,旅人の両手剣,"各地を旅する冒険者が愛用した両手持ちの剣
魔物との戦いではその重さを生かし
敵の構えた盾を吹き飛ばす事ができる",-,-,-,Weapon_Lsword_001,-,Weapon_Lsheath_001,376,003
Soldier's Claymore,,-,"A lightweight metal weapon forged for royal
soldiers. It's decayed now, but still easy to
wield, so it consumes less stamina during
charge attacks.",Large Sword,Soldier's Claymore,Cut,Charge Atk. Stamina Up,-,-,9,8,12 - 14,11 - 13,15 - 19,14 - 18,17,20 - 22,23 - 27,TRUE,25,TRUE,8,Shield Bash Attack,More Shield Surfing Friction,Expand Hitbox,Alter Shield Bash Animation,-,-,Claymore,-,-,20,1.8,3000,-,-,-,Knight's Claymore,"3,200","2,133","2,666",FALSE,TRUE,FALSE,兵士の両手剣,"城の兵士用に 薄く軽量に仕上げた金属の両手剣
その軽さのため 振り回しても疲れにくく
タメ攻撃のがんばり消費を抑える事ができる",-,-,-,Weapon_Lsword_112,-,Weapon_Lsheath_002,377,003
Soldier's Claymore✨,,-,"An improved claymore, made lightweight for
easier handling. It consumes less stamina for
charged attacks.",Large Sword,Soldier's Claymore✨,Cut,Charge Atk. Stamina Up,-,-,17,16,20 - 22,19 - 21,23 - 27,22 - 26,25,28 - 30,31 - 35,TRUE,25,TRUE,16,More Shield Surfing Friction,Expand Hitbox,Shield Bash Attack,Alter Shield Bash Animation,-,-,Claymore,-,-,20,1.8,3000,-,-,-,-,-,"3,200","3,733",FALSE,TRUE,FALSE,兵士の両手剣,"戦闘用に改良された両手剣
扱いやすいように軽量化されていて 
タメ攻撃のがんばり消費を抑える事ができる",-,-,-,Weapon_Lsword_002,-,Weapon_Lsheath_002,378,003
Knight's Claymore,,-,"A claymore, now decayed, once carried by
knights of Hyrule. It resonates with the desire
to protect at all costs and can yield powerful
attacks when you're down to your last heart.",Large Sword,Knight's Claymore,Cut,x2 Attack Power While Low Health,-,-,12,11,15 - 17,14 - 16,18 - 22,17 - 21,18,21 - 23,24 - 28,TRUE,25,TRUE,11,Shield Bash Attack,More Shield Surfing Friction,Expand Hitbox,Alter Shield Bash Animation,-,-,Claymore,-,-,38,1.8,3000,-,-,-,Royal Claymore,"4,933","3,866","4,400",FALSE,TRUE,FALSE,騎士の両手剣,"城を守る騎士が携えていた両手剣 大切なものを
守る想いに呼応し ハートの残りが1個まで減ると
強力な攻撃を繰り出せる",-,-,-,Weapon_Lsword_113,-,Weapon_Lsheath_003,379,003
Knight's Claymore✨,,-,"Only the strongest of Hyrule Castle's knights
carried this two-handed sword. It can yield
powerful attacks when you're down to your
last heart.",Large Sword,Knight's Claymore✨,Cut,x2 Attack Power While Low Health,-,-,26,24,29 - 31,27 - 29,32 - 36,30 - 34,30,33 - 35,36 - 40,TRUE,25,TRUE,24,More Shield Surfing Friction,Expand Hitbox,Shield Bash Attack,Alter Shield Bash Animation,-,-,Claymore,-,-,38,1.8,3000,-,-,-,-,-,"5,733","6,266",FALSE,TRUE,FALSE,騎士の両手剣,"ハイラル城を守る騎士の中でも 十分な力量を
持つ者が携えていた大剣 ハートが1個以下の時に
強力な攻撃を繰り出す事ができる",-,-,-,Weapon_Lsword_003,-,Weapon_Lsheath_003,380,003
Royal Claymore,,-,"A large sword, now decayed, issued to the
royal family's guard. It's tuned for skilled
users and yields a powerful flurry rush during
a perfect dodge.",Large Sword,Royal Claymore,Cut,x2 Attack Power During Flurry Rush,-,-,15,14,18 - 20,17 - 19,21 - 25,20 - 24,20,23 - 25,26 - 30,TRUE,25,TRUE,14,More Shield Surfing Friction,Expand Hitbox,Shield Bash Attack,Alter Shield Bash Animation,-,-,Claymore,-,-,55,1.8,3000,-,-,-,-,-,"6,133","6,666",FALSE,TRUE,FALSE,王家の両手剣,"王家直属部隊が賜った大剣 扱う難度は高いが
熟練の使い手に向けて調整されており
回避ジャスト時のラッシュ攻撃が強力",-,-,-,Weapon_Lsword_124,-,Weapon_Lsheath_024,381,003
Royal Claymore✨,,-,"A two-handed sword issued to the Hyrulean
royal family's immediate guard detail. Yields a
powerful strike and increases the power of
flurry rush during perfect dodge.",Large Sword,Royal Claymore✨,Cut,x2 Attack Power During Flurry Rush,-,-,36,34,39 - 41,37 - 39,42 - 46,40 - 44,40,43 - 45,46 - 50,TRUE,25,TRUE,34,More Shield Surfing Friction,Expand Hitbox,Shield Bash Attack,Alter Shield Bash Animation,-,-,Claymore,-,-,55,1.8,3000,-,-,-,-,-,"8,933","9,466",FALSE,TRUE,FALSE,王家の両手剣,"ハイラル王家の直属部隊に与えられた大剣
その一振りの威力は大きく 回避ジャスト時の
ラッシュ攻撃が強力になる 特性を持つ",-,-,-,Weapon_Lsword_024,-,Weapon_Lsheath_024,382,003
Zora Longsword,,-,"A decayed Zora longsword, it's suited for
battles near water because it's made of an
unusual metal that increases attack power
when it's wet. ",Large Sword,Zora Longsword,Cut,x2 Attack Power While Wet,-,-,9,8,12 - 14,11 - 13,15 - 19,14 - 18,20,23 - 25,26 - 30,TRUE,25,TRUE,8,More Shield Surfing Friction,Expand Hitbox,Shield Bash Attack,Alter Shield Bash Animation,-,-,Longsword,-,-,8,1.8,3000,-,-,-,-,-,"1,733","2,266",FALSE,TRUE,FALSE,ゾーラの大剣,"刀身が朽ちてしまったゾーラ族の大剣
濡れた状態で高い攻撃力を発揮する 特殊な
金属が使われていて 水辺での戦いに適している",-,-,-,Weapon_Lsword_127,-,Weapon_Lsheath_027,383,003
Zora Longsword✨,,-,"A longsword made by the Zora using a special
metal. It's rarely used because the Zora
prefer to use spears. It yields high attack
power when it gets wet.",Large Sword,Zora Longsword✨,Cut,x2 Attack Power While Wet,-,-,18,17,21 - 23,20 - 22,24 - 28,23 - 27,30,33 - 35,36 - 40,TRUE,25,TRUE,17,More Shield Surfing Friction,Expand Hitbox,Shield Bash Attack,Alter Shield Bash Animation,-,-,Longsword,-,-,8,1.8,3000,-,-,-,-,-,"2,933","3,466",FALSE,TRUE,FALSE,ゾーラの大剣,"特殊な金属を用いてゾーラ族が作った大剣
ゾーラは槍を好むため あまり使う者がいないが
水に濡れると高い攻撃力を発揮する",-,-,-,Weapon_Lsword_027,-,Weapon_Lsheath_027,384,003
Cobble Crusher,,-,"In its former state, this hefty weapon knocked
out many a foe. Decayed, it still packs a
punch and is great for breaking rocks. ",Large Sword,Cobble Crusher, Blunt,x1.5 Attack Power On Rock Type,-,-,10,9,13 - 15,12 - 14,16 - 20,15 - 19,18,21 - 23,24 - 28,TRUE,25,TRUE,9,Blunt,More Shield Surfing Friction,Expand Hitbox,Shield Bash Attack,Alter Shield Bash Animation,Extra Attack Power On Rock Type,Crusher,-,-,15,1.8,3000,-,-,-,-,-,"1,866","2,400",FALSE,TRUE,FALSE,石打ち,"元々 その重量を活かして相手を打撃で
倒すのを主としていた武器 朽ちてはいるが
岩を砕き 採掘するのに最適である",-,-,-,Weapon_Lsword_136,-,Weapon_Lsheath_036,385,003
Cobble Crusher✨,,-,"A Goron-made two-handed weapon. It's
made from thick, hard metal and has no
cutting edge, but its weight and hard surface
make it a great tool for breaking rocks.",Large Sword,Cobble Crusher✨, Blunt,x1.5 Attack Power On Rock Type,-,-,15,14,18 - 20,17 - 19,21 - 25,20 - 24,30,33 - 35,36 - 40,TRUE,25,TRUE,14,Blunt,More Shield Surfing Friction,Expand Hitbox,Shield Bash Attack,Alter Shield Bash Animation,Extra Attack Power On Rock Type,Crusher,-,-,15,1.8,3000,-,-,-,-,-,"2,533","3,066",FALSE,TRUE,FALSE,石打ち,"分厚く硬い金属で作られたゴロンの両手剣
刃は付いておらず 斬れ味は全くないが 
その硬度と重量は 採掘するのに最適である",-,-,-,Weapon_Lsword_036,-,Weapon_Lsheath_036,386,003
Boulder Breaker,,-,"This two-handed weapon was once wielded
by the Goron Champion Daruk. Daruk made
swinging it around look easy, but a Hylian
would need an immense amount of strength.",Large Sword,Boulder Breaker, Blunt,x1.5 Attack Power On Rock Type,-,-,40,38,-,-,-,-,40,-,-,FALSE,25,TRUE,38,Blunt,More Shield Surfing Friction,Expand Hitbox,Shield Bash Attack,Alter Shield Bash Animation,Extra Attack Power On Rock Type,Breaker,-,-,72,1.8,3000,-,-,-,-,-,-,-,FALSE,TRUE,FALSE,巨岩砕き,"英傑ダルケルが携えていた 最硬級の大剣
ダルケルはこの大剣を軽々と振るっていたが
人間が使いこなすには かなりの熟練が必要",-,-,-,Weapon_Lsword_054,-,Weapon_Lsheath_054,387,003
Biggoron's Sword,,-,"A legendary greatsword forged by a Goron
craftsman for a hero who traveled through
time. The exceptionally sharp cutting edge
is a testament to the craftsman's mastery.",Large Sword,Biggoron's Sword,Cut,-,-,-,38,36,-,-,-,-,60,-,-,FALSE,25,TRUE,36,More Shield Surfing Friction,Expand Hitbox,Shield Bash Attack,Alter Shield Bash Animation,-,-,Sword,-,-,10,1.8,3000,-,150,-,-,-,-,-,FALSE,TRUE,FALSE,ダイゴロン刀,"ゴロンの名匠が 時を超えて旅をした勇者のために
作ったと言われる 伝説的な剛剣
匠の業が光る抜群の切れ味を持つ",-,-,-,Weapon_Lsword_059,-,Weapon_Lsheath_059,388,003
Gerudo Claymore,,-,"A two-handed Gerudo sword with a decayed
blade. Attaching a material greatly enhances
the material's power but doesn't add as much
durability.",Large Sword,Gerudo Claymore,Cut,x2 Fuse Attack Power,-,-,11,10,14 - 16,13 - 15,17 - 21,16 - 20,10,13 - 15,16 - 20,TRUE,5,TRUE,10,More Shield Surfing Friction,Expand Hitbox,Shield Bash Attack,Alter Shield Bash Animation,-,-,Claymore,-,-,28,1.8,3000,-,-,-,-,-,"2,000","2,533",FALSE,TRUE,FALSE,ゲルドの両手剣,"刀身が朽ちてしまったゲルド族の大剣
剣先に力を込めやすいため 剣の耐久力を犠牲に
付けた素材の力を限界まで引き出す事ができる",-,-,-,Weapon_Lsword_129,-,Weapon_Lsheath_029,389,003
Gerudo Claymore✨,,-,"Only the most talented Gerudo sword fighters
carry this two-handed sword. Attaching a
material greatly enhances the material's
power but doesn't add as much durability.",Large Sword,Gerudo Claymore✨,Cut,x2 Fuse Attack Power,-,-,24,22,27 - 29,25 - 27,30 - 34,28 - 32,14,17 - 19,20 - 24,TRUE,5,TRUE,22,More Shield Surfing Friction,Expand Hitbox,Shield Bash Attack,Alter Shield Bash Animation,-,-,Claymore,-,-,28,1.8,3000,-,-,-,-,-,"3,733","4,266",FALSE,TRUE,FALSE,ゲルドの両手剣,"ゲルド族の中の 剣術に優れた者が装備した大剣
先端に素材を付けると 剣が壊れやすくなる代わり
その力を限界まで引き出す 特性を持つ",-,-,-,Weapon_Lsword_029,-,Weapon_Lsheath_029,390,003
Eightfold Longblade,,-,"A longblade that no longer cuts as well as it
once did, due to its decayed edge. However,
when wielded by a proficient fighter, it cleaves
the wind and creates a vacuum.",Large Sword,Eightfold Longblade,Cut,Wind Razor,-,-,9,8,12 - 14,11 - 13,15 - 19,14 - 18,18,21 - 23,24 - 28,TRUE,25,TRUE,8,More Shield Surfing Friction,Expand Hitbox,Shield Bash Attack,Alter Shield Bash Animation,-,-,Longblade,-,-,32,1.8,3000,264,-,-,-,-,"1,200","1,733",FALSE,TRUE,FALSE,残心の太刀,"刀身が朽ちてしまった片刃の大剣
朽ちて斬れ味は落ちてしまっているが
精神統一して振り抜くと 真空の刃が放てる",-,-,-,Weapon_Lsword_114,-,Weapon_Lsheath_041,391,003
Eightfold Longblade✨,,-,"A single-edged sword seldom seen in Hyrule.
This weapon is passed down through the
Sheikah tribe. When wielded by a proficient
fighter, it cleaves wind and creates vacuum.",Large Sword,Eightfold Longblade✨,Cut,Wind Razor,-,-,25,23,28 - 30,26 - 28,31 - 35,29 - 33,25,28 - 30,31 - 35,TRUE,25,TRUE,23,More Shield Surfing Friction,Expand Hitbox,Shield Bash Attack,Alter Shield Bash Animation,-,-,Longblade,-,-,32,1.8,3000,-,-,-,-,-,"3,866","4,400",FALSE,TRUE,FALSE,残心の太刀,"シーカー族にのみ伝わる片刃の剣
伝統的な技術で丁寧に鍛えられており
精神統一して振りぬくと 真空の刃が放てる",-,-,-,Weapon_Lsword_041,-,Weapon_Lsheath_041,392,003
Dusk Claymore,,-,"A slender claymore thought to have been
handed down to the kingdom of Hyrule ages
ago. The blade shines with a holy luster.",Large Sword,Dusk Claymore,Cut,-,-,-,34,32,-,-,-,-,50,-,-,FALSE,25,TRUE,32,More Shield Surfing Friction,Expand Hitbox,Shield Bash Attack,Alter Shield Bash Animation,-,-,Claymore,-,-,10,1.8,3000,-,140,-,-,-,-,-,FALSE,TRUE,FALSE,黄昏の大剣,"はるか遠い昔 ハイラル王国に
伝わったとされる 細身の大剣
その刀身は 神秘的な白い輝きを放っている",-,-,-,Weapon_Lsword_057,-,Weapon_Lsheath_057,393,003
Fierce Deity Sword,,-,"A peculiar greatsword allegedly used by a
hero from a world in which the moon
threatened to fall. It slashes wildly in battle
as if possessed by a Fierce Deity.",Large Sword,Fierce Deity Sword,Cut,-,-,-,40,38,-,-,-,-,35,-,-,FALSE,25,TRUE,38,More Shield Surfing Friction,Expand Hitbox,Shield Bash Attack,Alter Shield Bash Animation,-,-,Sword,-,-,10,1.8,3000,-,160,-,-,-,-,-,FALSE,TRUE,FALSE,鬼神の大剣,"月が落ちてくる世界の勇者が所持していたと
言われている異形の大剣  これを手にした者は
まさに鬼神のごとき戦いぶりを見せるという",-,-,-,Weapon_Lsword_060,-,Weapon_Lsheath_060,394,003
Rusty Claymore,,-,"A two-handed sword not properly cared for.
Although it can be used as a weapon, its
durability is very low. Don't expect it to
last for more than a few strikes.",Large Sword,Rusty Claymore,Cut,-,-,-,7,6,10 - 12,9 - 11,13 - 17,12 - 16,8,11 - 13,14 - 18,TRUE,10,TRUE,6,More Shield Surfing Friction,Expand Hitbox,Shield Bash Attack,Alter Shield Bash Animation,-,-,Claymore,-,-,8,1.8,3000,-,-,-,-,-,"1,466","2,000",FALSE,TRUE,FALSE,錆びた両手剣,"長く放置されて 錆びついてしまった大剣
武器として使う事はできるが 耐久性は低く
何度か使うと簡単に壊れてしまう",-,-,-,Weapon_Lsword_020,-,Weapon_Lsheath_001,395,003
Royal Guard's Claymore,,-,"A decayed claymore prototype for the royal
guard. It's made of a metal refined using an
unusual method, and it holds massive
destructive power just before it breaks.",Large Sword,Royal Guard's Claymore,Cut,x2 Attack Power While Low Durability,-,-,34,32,37 - 39,35 - 37,40 - 44,38 - 42,11,14 - 16,17 - 21,TRUE,10,TRUE,32,Shield Bash Attack,Expand Hitbox,More Shield Surfing Friction,Alter Shield Bash Animation,-,-,Claymore,-,-,72,1.8,3000,-,-,-,-,-,"8,666","9,200",FALSE,TRUE,FALSE,近衛の両手剣,"近衛騎士のために試作された両手剣 特殊な技術で
鍛えた金属を用いており 耐久性が低いが
壊れそうになると 大きな攻撃力を発揮する",-,-,-,Weapon_Lsword_147,-,Weapon_Lsheath_047,396,003
Royal Guard's Claymore✨,,-,"The Sheikah used the very essence of ancient
technology to forge this greatsword. It's low
in durability, but its magic yields massive
destructive power just before it breaks.",Large Sword,Royal Guard's Claymore✨,Cut,x2 Attack Power While Low Durability,-,-,42,39,45 - 47,42 - 44,48 - 52,45 - 49,12,15 - 17,18 - 22,TRUE,10,TRUE,39,More Shield Surfing Friction,Expand Hitbox,Shield Bash Attack,Alter Shield Bash Animation,-,-,Claymore,-,-,72,1.8,3000,-,-,-,-,-,"9,733","10,266",FALSE,TRUE,FALSE,近衛の両手剣,"シーカー族が古代技術の粋を集めて作った大剣
耐久性に難があるが 壊れそうになると
大きな攻撃力を発揮する 特性を持つ",-,-,-,Weapon_Lsword_047,-,Weapon_Lsheath_047,397,003
Thick Stick,,,"A stick cut off from a large tree. It isn't very
sturdy, but its heavier end can swat a
shield away.",Large Sword,Thick Stick,Blunt,-,-,-,6,5,9 - 11,8 - 10,12 - 16,11 - 15,14,17 - 19,20 - 24,TRUE,25,TRUE,5,Blunt,More Shield Surfing Friction,Expand Hitbox,Shield Bash Attack,Alter Shield Bash Animation,-,Stick,-,-,6,1.8,3000,-,-,-,Sturdy Thick Stick,"2,400","1,333","1,866",TRUE,FALSE,FALSE,太い棒,"大きな木から切り落とした棒
それほど頑丈さはないが 先端が重いので
振り回せば 盾を弾き飛ばす事ができる",-,-,-,Weapon_Lsword_103,Weapon_Lsword_168,Weapon_Lsheath_103,398,003
Sturdy Thick Stick,,-,"A solid stick cut from the crooked branch of
a tough tree. It has high durability, despite the
way it looks.",Large Sword,Sturdy Thick Stick,Blunt,-,-,-,8,7,11 - 13,10 - 12,14 - 18,13 - 17,26,29 - 31,32 - 36,TRUE,25,TRUE,7,Blunt,More Shield Surfing Friction,Expand Hitbox,Shield Bash Attack,Alter Shield Bash Animation,-,Stick,-,-,6,1.8,3000,-,-,-,Gnarled Thick Stick,"3,066","2,000","2,533",TRUE,FALSE,FALSE,丈夫な太棒,"丈夫な木から切り落とした硬い棒
いびつな形に太く成長した枝は
その見た目に反し 耐久力が高い",-,-,-,Weapon_Lsword_108,-,Weapon_Lsheath_108,399,003
Gnarled Thick Stick,,-,"A stick cut from a tree trunk. It's been dried to
increase its hardness. It has high attack
power for something made of wood.",Large Sword,Gnarled Thick Stick,Blunt,-,-,-,21,19,24 - 26,22 - 24,27 - 31,25 - 29,16,19 - 21,22 - 26,TRUE,25,TRUE,19,Blunt,More Shield Surfing Friction,Expand Hitbox,Shield Bash Attack,Alter Shield Bash Animation,-,Stick,-,-,6,1.8,3000,-,-,-,-,-,"5,066","5,600",TRUE,FALSE,FALSE,節くれ太棒,"樹木の幹に近い部分から切り出した棒
乾燥する事で硬度が増し
木製とは思えないほど 攻撃力が高い",-,-,-,Weapon_Lsword_109,-,Weapon_Lsheath_109,400,003
Zonaite Longsword,,-,"A large sword used by the Zonai and made of
zonaite. It resonates with attached Zonai
devices to slightly increase its attack power.",Large Sword,Zonaite Longsword,Cut,Zonai Attack Power, Zonai Energy Efficiency, Blunt With Any Fusion,9,8,12 - 14,11 - 13,15 - 19,14 - 18,15,18 - 20,21 - 25,TRUE,25,TRUE,8,More Shield Surfing Friction,Expand Hitbox,Shield Bash Attack,Alter Shield Bash Animation,Zonai,-,Longsword,3,3,18,1.8,3000,-,-,-,Strong Zonaite Longsword,"3,333","2,266","2,800",FALSE,FALSE,FALSE,ゾナニウムの大剣,"素材にゾナニウムを使った ゾナウ族の大きな剣
ゾナウギアやゾナウ文明の素材を付けると
通常より攻撃力がわずかに上がる 特性を持つ",-,-,-,Weapon_Lsword_101,-,Weapon_Lsheath_101,401,003
Strong Zonaite Longsword,,-,"A strong, large sword used by the Zonai and
made of zonaite. It resonates with attached
Zonai devices to increase some of its attack
power.",Large Sword,Strong Zonaite Longsword,Cut,Zonai Attack Power, Zonai Energy Efficiency, Blunt With Any Fusion,11,10,14 - 16,13 - 15,17 - 21,16 - 20,16,19 - 21,22 - 26,TRUE,25,TRUE,10,More Shield Surfing Friction,Expand Hitbox,Shield Bash Attack,Alter Shield Bash Animation,Zonai,-,Longsword,5,5,18,1.8,3000,-,-,-,Mighty Zonaite Longsword,"4,933","3,866","4,400",FALSE,FALSE,FALSE,ゾナニウムの強大剣,"ゾナニウムから作られた ゾナウ族の丈夫な大剣
ゾナウギアやゾナウ文明の素材に共鳴し
通常より攻撃力が上がる 特性を持つ",-,-,-,Weapon_Lsword_163,-,Weapon_Lsheath_101,402,003
Mighty Zonaite Longsword,,-,"A powerful, large sword used by Zonai and
made of zonaite. It resonates with attached
Zonai devices to greatly increase its attack
power.",Large Sword,Mighty Zonaite Longsword,Cut,Zonai Attack Power, Zonai Energy Efficiency, Blunt With Any Fusion,16,15,19 - 21,18 - 20,22 - 26,21 - 25,18,21 - 23,24 - 28,TRUE,25,TRUE,15,More Shield Surfing Friction,Expand Hitbox,Shield Bash Attack,Alter Shield Bash Animation,Zonai,-,Longsword,10,10,18,1.8,3000,-,-,60,-,-,"5,333","5,866",FALSE,FALSE,FALSE,ゾナニウムの剛大剣,"ゾナニウムを素材とした ゾナウ族の強力な大剣
ゾナウギアやゾナウ文明の素材に共鳴し
通常より攻撃力が大きく上がる 特性を持つ",-,-,-,Weapon_Lsword_164,-,Weapon_Lsheath_101,403,003
Magic Scepter,,-,"A long and mysterious magical rod, it's said
to have been wielded by an ancient magician
who awoke the latent power of gems.",Large Sword,Magic Scepter,Blunt,-,-,-,8,7,-,-,-,-,14,-,-,FALSE,25,TRUE,7,Blunt,More Shield Surfing Friction,Expand Hitbox,Shield Bash Attack,Alter Shield Bash Animation,-,Scepter,-,-,6,1.8,3000,-,100,-,-,-,-,-,FALSE,FALSE,FALSE,魔法の大杖,"わずかに不思議な力を帯びた大きい杖
古代の魔術師はこの杖によって
宝石に眠った力を呼び覚ましていたと言われる",-,-,-,Weapon_Lsword_161,-,Weapon_Lsheath_161,404,003
Moblin Arm,,-,"A Moblin bone that continues to move even
after being detached from its body. The bone
is thick enough to be used as a weapon but
is extremely brittle and easily broken.",Large Sword,Moblin Arm,Blunt,Bone,-,-,30,28,33 - 35,31 - 33,36 - 40,34 - 38,5,8 - 10,11 - 15,TRUE,3,TRUE,28,Blunt,More Shield Surfing Friction,Expand Hitbox,Shield Bash Attack,Alter Shield Bash Animation,Bone,Bones,-,-,8,1.8,3000,-,-,-,-,-,"4,533","5,066",FALSE,FALSE,FALSE,モリブリンの骨,"腕だけになっても動き続けている モリブリンの骨
長くて太い骨は 武器として使うに十分な
打撃力を持つが 非常にもろく壊れやすい",-,-,-,Weapon_Lsword_019,-,Weapon_Lsheath_019,405,003
Gloom Club,,-,"A metal stick filled with madness and symbolic
of doom. Its forceful strike can smash an
object to pieces. Its gloom will gradually wear
down the body of its wielder.",Large Sword,-, Blunt,Self Inflict Gloom,x1.5 Attack Power On Rock Type,-,53,50,56 - 58,53 - 55,59 - 63,56 - 60,14,17 - 19,20 - 24,TRUE,10,TRUE,50,Blunt,More Shield Surfing Friction,Expand Hitbox,Shield Bash Attack,Alter Shield Bash Animation,Extra Attack Power On Rock Type,Club,-,-,52,1.8,3000,-,-,-,-,-,"7,600","8,133",FALSE,TRUE,FALSE,瘴気の金棒,"狂気に満ちた 不吉を象徴する金棒
その強力な一撃は 対象を跡形もなく粉砕する
この金棒を持つ者は 身体が徐々に瘴気に蝕まれる",-,-,-,Weapon_Lsword_166,-,Weapon_Lsheath_166,406,003
Wooden Mop,,-,"Just a mop to the untrained eye, it excels at
tidying up the place. But it owes its sturdy
construction to a true craftsman, so it
actually has some combat merit.",Spear,Wooden Mop,Blunt,-,-,-,2,3,5 - 6,6 - 8,7 - 10,9 - 13,8,11 - 13,14 - 18,TRUE,10,TRUE,3,Blunt,Shield Bash Attack,Expand Hitbox,More Shield Surfing Friction,Alter Shield Bash Animation,-,Mop,-,-,2,5,2000,-,-,-,-,-,800,"1,333",TRUE,FALSE,FALSE,木のモップ,"床の清掃に大活躍する掃除道具
職人による手作りのため 丈夫にできている 
武器にしても ある程度使える",-,-,-,Weapon_Spear_036,-,Weapon_SpearSheath_001,407,004
Farmer's Pitchfork,,-,"A farming tool used to collect hay efficiently.
It's light enough to be used by anyone.
The four prongs are very sharp.",Spear,Farmer's Pitchfork,-,-,-,-,3,4,6 - 7,7 - 9,8 - 11,10 - 14,12,15 - 17,18 - 22,TRUE,10,TRUE,4,Blunt,More Shield Surfing Friction,Expand Hitbox,Shield Bash Attack,Alter Shield Bash Animation,-,Pitchfork,-,-,4,5,2000,-,-,-,-,-,933,"1,466",FALSE,TRUE,FALSE,畑のフォーク,"干し草を効率よく集めるための農具
誰でも扱えるように軽く作られている
4つに分かれた先端は結構鋭い",-,-,-,Weapon_Spear_022,-,Weapon_SpearSheath_001,408,004
Fishing Harpoon,,-,"A fisherman's tool that excels at catching
large fish. Its particularly sharp spearhead
makes it valuable as a weapon as well.",Spear,Fishing Harpoon,-,-,-,-,3,4,6 - 7,7 - 9,8 - 11,10 - 14,12,15 - 17,18 - 22,TRUE,10,TRUE,4,More Shield Surfing Friction,Expand Hitbox,Shield Bash Attack,Alter Shield Bash Animation,-,-,Harpoon,-,-,4,5,2000,-,-,-,-,-,933,"1,466",FALSE,TRUE,FALSE,漁師のモリ,"主に大型の魚を獲るために使う漁具
鋭く尖った先端を持ち 武器としても使える
逃げる魚をこれで仕留められれば 一人前の漁師",-,-,-,Weapon_Spear_038,-,Weapon_SpearSheath_001,409,004
Throwing Spear,,-,"A spear for throwing with a decayed tip. Lost
its sharpness, but kept the balance perfect for
throwing, enabling you to throw it very far.",Spear,Throwing Spear,-,-,-,-,2,3,5 - 6,6 - 8,7 - 10,9 - 13,20,23 - 25,26 - 30,FALSE,25,TRUE,3,More Shield Surfing Friction,Expand Hitbox,Shield Bash Attack,Alter Shield Bash Animation,-,-,Spear,-,-,4,5,2000,-,-,-,-,-,800,"1,333",FALSE,TRUE,FALSE,投てき槍,"刃先が朽ちてしまった 投てき用の槍
鋭さは失われているが 投げるのに最適な重心や
バランスはそのままで 遠くに投げる事ができる",-,-,-,Weapon_Spear_173,-,Weapon_SpearSheath_001,410,004
Throwing Spear✨,,-,"A specialized spear weighted to excel as a
throwing weapon. It's perfectly balanced
to be thrown farther than your average spear,
able to pierce targets from a great distance.",Spear,Throwing Spear✨,-,-,-,-,6,8,9 - 10,11 - 13,11 - 14,14 - 18,26,29 - 31,32 - 36,FALSE,25,TRUE,8,More Shield Surfing Friction,Expand Hitbox,Shield Bash Attack,Alter Shield Bash Animation,-,-,Spear,-,-,4,5,2000,-,-,-,-,-,"1,333","1,866",FALSE,TRUE,FALSE,投てき槍,"投げて突き刺す事に特化した特殊な槍
穂先と柄のバランスを取る事で 通常の槍より
遠くまで投げられるように設計されている",-,-,-,Weapon_Spear_030,-,Weapon_SpearSheath_001,411,004
Traveler's Spear,,-,"An average spear carried by travelers for
protection. It's decayed and doesn't cut
well, but the shape makes it easy for anyone
to handle.",Spear,Traveler's Spear,-,-,-,-,2,3,5 - 6,6 - 8,7 - 10,9 - 13,24,27 - 29,30 - 34,TRUE,25,TRUE,3,More Shield Surfing Friction,Expand Hitbox,Shield Bash Attack,Alter Shield Bash Animation,-,-,Spear,-,-,4,5,2000,-,-,-,Soldier's Spear,"1,866",800,"1,333",FALSE,TRUE,FALSE,旅人の槍,"旅人が護身用に持ち歩いた 一般的な槍
朽ちてしまって斬れ味は良くないが
誰にでも扱いやすい形状をしている",-,-,-,Weapon_Spear_106,-,Weapon_SpearSheath_001,412,004
Traveler's Spear✨,,-,"A spear used mainly by travelers to fend off
wolves and other beasts. It's easy to hold
and simple to use.",Spear,Traveler's Spear✨,-,-,-,-,3,4,6 - 7,7 - 9,8 - 11,10 - 14,30,33 - 35,36 - 40,TRUE,25,TRUE,4,More Shield Surfing Friction,Expand Hitbox,Shield Bash Attack,Alter Shield Bash Animation,-,-,Spear,-,-,4,5,2000,-,-,-,-,-,933,"1,466",FALSE,TRUE,FALSE,旅人の槍,"旅人がオオカミなどの野生動物から
身を守るために持ち歩いていた 護身用の槍
握りやすく使い心地がよい",-,-,-,Weapon_Spear_001,-,Weapon_SpearSheath_001,413,004
Soldier's Spear,,-,"Although now decayed, this lightweight metal
spear was made for royal soldiers. Because
it's light and easy to handle, it enables
quicker charged attacks.",Spear,Soldier's Spear,-,Quick Charge,-,-,3,4,6 - 7,7 - 9,8 - 11,10 - 14,25,28 - 30,31 - 35,TRUE,25,TRUE,4,More Shield Surfing Friction,Expand Hitbox,Shield Bash Attack,Alter Shield Bash Animation,-,-,Spear,-,-,8,5,2000,-,-,-,Knight's Halberd,"2,400","1,333","1,866",FALSE,TRUE,FALSE,兵士の槍,"城の兵士用に軽量化された金属の槍
軽く扱いやすいため
タメ攻撃を素早く繰り出せる",-,-,-,Weapon_Spear_112,-,Weapon_SpearSheath_001,414,004
Soldier's Spear✨,,-,"A long spear once used by the guards of
Hyrule Castle. Easy to use but difficult to
master. Enables quicker charged attacks.",Spear,Soldier's Spear✨,-,Quick Charge,-,-,7,10,10 - 11,13 - 15,12 - 15,16 - 20,35,38 - 40,41 - 45,TRUE,25,TRUE,10,More Shield Surfing Friction,Expand Hitbox,Shield Bash Attack,Alter Shield Bash Animation,-,-,Spear,-,-,8,5,2000,-,-,-,-,-,"1,866","2,400",FALSE,TRUE,FALSE,兵士の槍,"城の兵士が使っていた長槍 十分な鍛錬を積んだ
者が扱えば 思い通りに振り回す事ができ
タメ攻撃を素早く繰り出す事ができる",-,-,-,Weapon_Spear_002,-,Weapon_SpearSheath_001,415,004
Knight's Halberd,,-,"Now decayed, this halberd was made for
knights of Hyrule. It reflects their courage in
defending the kingdom. It can yield powerful
attacks when you're down to your last heart.",Spear,Knight's Halberd,-,x2 Attack Power While Low Health,-,-,4,6,7 - 8,9 - 11,9 - 12,12 - 16,26,29 - 31,32 - 36,TRUE,25,TRUE,6,More Shield Surfing Friction,Expand Hitbox,Shield Bash Attack,Alter Shield Bash Animation,-,-,Halberd,-,-,15,5,2000,-,-,-,Royal Halberd,"3,866","2,800","3,333",FALSE,TRUE,FALSE,騎士の槍,"城の騎士用に作られた槍 王国と城を守る
騎士道の精神により ハートが残り1個以下の時
強力な攻撃を繰り出せる",-,-,-,Weapon_Spear_113,-,Weapon_SpearSheath_001,416,004
Knight's Halberd✨,,-,"A spear used by knights adept in mounted
combat. The spearhead is modeled after
an axe. It can yield powerful attacks when
you're down to your last heart.",Spear,Knight's Halberd✨,-,x2 Attack Power While Low Health,-,-,10,14,13 - 14,17 - 19,15 - 18,20 - 24,40,43 - 45,46 - 50,TRUE,25,TRUE,14,More Shield Surfing Friction,Expand Hitbox,Shield Bash Attack,Alter Shield Bash Animation,-,-,Halberd,-,-,15,5,2000,-,-,-,-,-,"3,600","4,133",FALSE,TRUE,FALSE,騎士の槍,"武器に熟練した騎士のために作られた槍
斧状の槍頭が特徴的で ハートが残り1個以下の時
強力な攻撃を繰り出す事ができる",-,-,-,Weapon_Spear_003,-,Weapon_SpearSheath_001,417,004
Royal Halberd,,-,"Although now decayed, this spear was once
given to knights who guarded critical areas of
Hyrule Castle. It enables a powerful flurry rush
during a perfect dodge.",Spear,Royal Halberd,-,x2 Attack Power During Flurry Rush,-,-,5,7,8 - 9,10 - 12,10 - 13,13 - 17,30,33 - 35,36 - 40,TRUE,25,TRUE,7,More Shield Surfing Friction,Expand Hitbox,Shield Bash Attack,Alter Shield Bash Animation,-,-,Halberd,-,-,32,5,2000,-,-,-,-,-,"4,800","5,333",FALSE,TRUE,FALSE,王家の槍,"城の重要な場所を守る騎士に 与えられた槍
使いこなすには並以上の技量が必要だが
回避ジャスト時のラッシュ攻撃が強力になる",-,-,-,Weapon_Spear_124,-,Weapon_SpearSheath_001,418,004
Royal Halberd✨,,-,"This spear was issued to the knights who
guarded Hyrule Castle's throne room. It yields
a powerful flurry rush during a perfect dodge.",Spear,Royal Halberd✨,-,x2 Attack Power During Flurry Rush,-,-,13,18,16 - 17,21 - 23,18 - 21,24 - 28,50,53 - 55,56 - 60,TRUE,25,TRUE,18,More Shield Surfing Friction,Expand Hitbox,Shield Bash Attack,Alter Shield Bash Animation,-,-,Halberd,-,-,32,5,2000,-,-,-,-,-,"5,866","6,400",FALSE,TRUE,FALSE,王家の槍,"城の中でも特に重要な場所を守る任務に
就いていた騎士に与えられた槍 回避ジャスト時の
ラッシュ攻撃が強力になる 特性を持つ",-,-,-,Weapon_Spear_024,-,Weapon_SpearSheath_001,419,004
Forest Dweller's Spear,,-,"A Korok spear with a decayed tip. It's still
full of vitality. Bursting materials attached
to the spearhead can be reused again
and again.",Spear,Forest Dweller's Spear,-,Reuse Bursting Materials,-,-,4,6,7 - 8,9 - 11,9 - 12,12 - 16,24,27 - 29,30 - 34,TRUE,25,TRUE,6,More Shield Surfing Friction,Expand Hitbox,Shield Bash Attack,Alter Shield Bash Animation,-,-,Spear,-,-,6,5,2000,-,-,-,-,-,"1,066","1,600",TRUE,FALSE,FALSE,森人の槍,"穂先が朽ちてしまったコログ族の槍
生命力に満ち溢れており 先端に破裂する実を
付けると その特性を繰り返し使う事ができる",-,-,-,Weapon_Spear_125,-,Weapon_SpearSheath_025,420,004
Forest Dweller's Spear✨,,-,"The Koroks made this spear for Hylians.
The shaft is made from a light, sturdy wood.
Bursting materials attached to the spearhead
can be reused again and again.",Spear,Forest Dweller's Spear✨,-,Reuse Bursting Materials,-,-,10,14,13 - 14,17 - 19,15 - 18,20 - 24,35,38 - 40,41 - 45,TRUE,25,TRUE,14,More Shield Surfing Friction,Expand Hitbox,Shield Bash Attack,Alter Shield Bash Animation,-,-,Spear,-,-,6,5,2000,-,-,-,-,-,"1,866","2,400",TRUE,FALSE,FALSE,森人の槍,"コログ族が人間のために作ったといわれる槍
軽くて丈夫な木が材料で 穂先に破裂する実を
付けると その特性を何度も使う事ができる",-,-,-,Weapon_Spear_025,-,Weapon_SpearSheath_025,421,004
Zora Spear,,-,"A Zora spear with a decayed point. It's made
of a water-resistant metal and yields a high
attack power when it gets wet.",Spear,Zora Spear,-,x2 Attack Power While Wet,-,-,4,6,7 - 8,9 - 11,9 - 12,12 - 16,26,29 - 31,32 - 36,TRUE,25,TRUE,6,More Shield Surfing Friction,Expand Hitbox,Shield Bash Attack,Alter Shield Bash Animation,-,-,Spear,-,-,8,5,2000,-,-,-,-,-,"1,066","1,600",FALSE,TRUE,FALSE,ゾーラの槍,"刀身が朽ちてしまったゾーラ族の槍
水に強い特殊な金属を用いており
濡れると高い攻撃力を発揮する",-,-,-,Weapon_Spear_127,-,Weapon_SpearSheath_028,422,004
Zora Spear✨,,-,"This spear is a Zora's weapon of choice. It's
made from a special metal and is used by the
Zora for both fishing and protecting home. It
yields high attack power when it gets wet.",Spear,Zora Spear✨,-,x2 Attack Power While Wet,-,-,8,11,11 - 12,14 - 16,13 - 16,17 - 21,40,43 - 45,46 - 50,TRUE,25,TRUE,11,More Shield Surfing Friction,Expand Hitbox,Shield Bash Attack,Alter Shield Bash Animation,-,-,Spear,-,-,8,5,2000,-,-,-,-,-,"1,600","2,133",FALSE,TRUE,FALSE,ゾーラの槍,"ゾーラ族に広く一般的に使われていた槍
漁だけでなく 外敵から里を守る戦いにも使われた
水に濡れると高い攻撃力を発揮する",-,-,-,Weapon_Spear_027,-,Weapon_SpearSheath_028,423,004
Lightscale Trident,,-,"A spear of peerless grace cherished by the
Zora Champion Mipha. Although Mipha
specialized in healing abilities, her
spearmanship was in a class all its own.",Spear,-,-,x2 Attack Power While Wet,-,-,16,22,-,-,-,-,70,-,-,FALSE,25,TRUE,22,More Shield Surfing Friction,Expand Hitbox,Shield Bash Attack,Alter Shield Bash Animation,-,-,Trident,-,-,18,5,2000,-,-,-,-,-,-,-,FALSE,TRUE,FALSE,光鱗の槍,"英傑ミファーが愛用していた優美な名槍
治癒を得意とするミファーだったが 
槍の扱いも一流であったと言われている",-,-,-,Weapon_Spear_050,-,Weapon_SpearSheath_028,424,004
Feathered Spear,,-,"A spear used by Rito soldiers, its point is now
decayed. It still boasts quick attacks in midair,
and it produces a strong wind.",Spear,Feathered Spear,-,Wind Burst,-,-,3,4,6 - 7,7 - 9,8 - 11,10 - 14,25,28 - 30,31 - 35,TRUE,25,TRUE,4,More Shield Surfing Friction,Expand Hitbox,Shield Bash Attack,Alter Shield Bash Animation,-,-,Spear,-,-,14,5,2000,-,-,-,-,-,933,"1,466",FALSE,TRUE,FALSE,風切羽の槍,"刀身が朽ちてしまったリト族兵士の槍
穂先が特徴的な形状をしており 素早く突く事で
大きな風を生み出す事ができる",-,-,-,Weapon_Spear_132,-,Weapon_SpearSheath_001,425,004
Feathered Spear✨,,-,"Its lightweight design is a hallmark of Rito
craftsmanship. It gives Rito warriors more
maneuverability during aerial combat—and it
produces a strong wind.",Spear,Feathered Spear✨,-,Wind Burst,-,-,7,10,10 - 11,13 - 15,12 - 15,16 - 20,35,38 - 40,41 - 45,TRUE,25,TRUE,10,More Shield Surfing Friction,Expand Hitbox,Shield Bash Attack,Alter Shield Bash Animation,-,-,Spear,-,-,14,5,2000,-,-,-,-,-,"1,466","2,000",FALSE,TRUE,FALSE,風切羽の槍,"リト族の兵士が使う槍 空で羽ばたきながら
使う事ができ 突きを繰り出すたびに
大きな風を生み出す 特性を持つ",-,-,-,Weapon_Spear_032,-,Weapon_SpearSheath_001,426,004
Gerudo Spear,,-,"A Gerudo spear with a decayed blade that is
designed to draw force to its tip. Attaching a
material greatly enhances the material's
power but doesn't add as much durability.",Spear,Gerudo Spear,-,x2 Fuse Attack Power,-,-,4,6,7 - 8,9 - 11,9 - 12,12 - 16,15,18 - 20,21 - 25,TRUE,5,TRUE,6,More Shield Surfing Friction,Expand Hitbox,Shield Bash Attack,Alter Shield Bash Animation,-,-,Spear,-,-,15,5,2000,-,-,-,-,-,"1,066","1,600",FALSE,TRUE,FALSE,ゲルドの槍,"刀身が朽ちてしまったゲルド族の槍
先端に力が集中しやすく 槍への負荷は大きいが
穂先の素材の力を限界まで引き出す事ができる",-,-,-,Weapon_Spear_129,-,Weapon_SpearSheath_001,427,004
Gerudo Spear✨,,-,"This spear was used widely by the Gerudo
soldiers. Attaching a material greatly
enhances the material's power but doesn't
add as much durability.",Spear,Gerudo Spear✨,-,x2 Fuse Attack Power,-,-,9,12,12 - 13,15 - 17,14 - 17,18 - 22,20,23 - 25,26 - 30,TRUE,5,TRUE,12,More Shield Surfing Friction,Expand Hitbox,Shield Bash Attack,Alter Shield Bash Animation,-,-,Spear,-,-,15,5,2000,-,-,-,-,-,"1,733","2,266",FALSE,TRUE,FALSE,ゲルドの槍,"ゲルド族の兵士に 広く用いられていた槍
穂先に素材を付けると 槍に大きな負荷を与える
代わり その力を限界まで引き出す 特性を持つ",-,-,-,Weapon_Spear_029,-,Weapon_SpearSheath_001,428,004
Rusty Halberd,,-,"A rusty polearm likely used by knights from
an age past. The spearhead is in bad shape
due to prolonged exposure to the elements,
so its durability is low.",Spear,Rusty Halberd,-,-,-,-,2,3,5 - 6,6 - 8,7 - 10,9 - 13,12,15 - 17,18 - 22,TRUE,10,TRUE,3,More Shield Surfing Friction,Expand Hitbox,Shield Bash Attack,Alter Shield Bash Animation,-,-,Halberd,-,-,4,5,2000,-,-,-,-,-,800,"1,333",FALSE,TRUE,FALSE,錆びた槍,"大昔に騎士が使っていたと思われる 錆びついた槍
長く風雨に晒されたせいか 槍頭の痛みが激しく
耐久性は低い",-,-,-,Weapon_Spear_021,-,Weapon_SpearSheath_001,429,004
Royal Guard's Spear,,-,"A prototype spear wielded by knights. It's
made from a special metal with low durability,
but which yields massive destructive power
just before it breaks.",Spear,Royal Guard's Spear,-,x2 Attack Power While Low Durability,-,-,11,15,14 - 15,18 - 20,16 - 19,21 - 25,14,17 - 19,20 - 24,TRUE,10,TRUE,15,More Shield Surfing Friction,Expand Hitbox,Shield Bash Attack,Alter Shield Bash Animation,-,-,Spear,-,-,24,5,2000,-,-,-,-,-,"5,600","6,133",FALSE,TRUE,FALSE,近衛の槍,"近衛騎士が使った試作品の槍 特殊な金属製のため
耐久力が低く扱いが難しいが 壊れそうになると
大きな攻撃力を発揮する 特性を持つ",-,-,-,Weapon_Spear_147,-,Weapon_SpearSheath_001,430,004
Royal Guard's Spear✨,,-,"This Sheikah-made spear was created using
ancient technology. It has poor durability, but
the magic it contains yields massive
destructive power just before it breaks.",Spear,Royal Guard's Spear✨,-,x2 Attack Power While Low Durability,-,-,18,24,21 - 22,27 - 29,23 - 26,30 - 34,15,18 - 20,21 - 25,TRUE,10,TRUE,24,More Shield Surfing Friction,Expand Hitbox,Shield Bash Attack,Alter Shield Bash Animation,-,-,Spear,-,-,24,5,2000,-,-,-,-,-,"6,533","7,066",FALSE,TRUE,FALSE,近衛の槍,"シーカー族が古代技術を活かして作った槍
耐久性は低いが 壊れそうになると
大きな攻撃力を発揮する 特性を持つ",-,-,-,Weapon_Spear_047,-,Weapon_SpearSheath_001,431,004
Long Stick,,,"A long stick fashioned from a tree branch.
Its straight shape makes it work well as a
lunging weapon.",Spear,Long Stick,-,-,-,-,1,2,4 - 5,5 - 7,6 - 9,8 - 12,18,21 - 23,24 - 28,TRUE,25,TRUE,2,Blunt,Shield Bash Attack,More Shield Surfing Friction,Expand Hitbox,Alter Shield Bash Animation,-,Stick,-,-,2,5,2000,-,-,-,Sturdy Long Stick,"1,733",666,"1,200",TRUE,FALSE,FALSE,長い棒,"樹木の枝を切り落とした長い棒
真っすぐな形状を生かして
突き刺す武器として使える",-,-,-,Weapon_Spear_103,Weapon_Spear_168,Weapon_SpearSheath_103,432,004
Sturdy Long Stick,,-,"A long, durable stick made from a branch with
good piercing power. It has high durability
because it comes from the hardest part of
the tree.",Spear,Sturdy Long Stick,-,-,-,-,3,4,6 - 7,7 - 9,8 - 11,10 - 14,34,37 - 39,40 - 44,TRUE,25,TRUE,4,Blunt,More Shield Surfing Friction,Expand Hitbox,Shield Bash Attack,Alter Shield Bash Animation,-,Stick,-,-,2,5,2000,-,-,-,Gnarled Long Stick,"2,400","1,333","1,866",TRUE,FALSE,FALSE,丈夫な長棒,"長く伸びた丈夫な棒 歪みが少ないその枝は
突き刺す力を伝えやすく 樹木の硬い部分を選んで
切り出しているため 耐久力が高い",-,-,-,Weapon_Spear_108,-,Weapon_SpearSheath_108,433,004
Gnarled Long Stick,,-,"A long stick made bumpy at one end when its
shoots were cut off. It has higher attack
power than a normal stick.",Spear,Gnarled Long Stick,-,-,-,-,7,10,10 - 11,13 - 15,12 - 15,16 - 20,22,25 - 27,28 - 32,TRUE,25,TRUE,10,Blunt,More Shield Surfing Friction,Expand Hitbox,Shield Bash Attack,Alter Shield Bash Animation,-,Stick,-,-,2,5,2000,-,-,-,-,-,"3,200","3,733",TRUE,FALSE,FALSE,節くれ長棒,"枝分かれした先端を切り落とした長棒
切断面がデコボコしていて 当たると痛いため
普通の棒より 攻撃力が高い",-,-,-,Weapon_Spear_109,-,Weapon_SpearSheath_109,434,004
Zonaite Spear,,-,"A Zonai spear made of zonaite. It resonates
with attached Zonai devices to slightly
increase its attack power.",Spear,Zonaite Spear,-,Zonai Attack Power, Zonai Energy Efficiency, Blunt With Any Fusion,3,4,6 - 7,7 - 9,8 - 11,10 - 14,22,25 - 27,28 - 32,TRUE,25,TRUE,4,More Shield Surfing Friction,Expand Hitbox,Shield Bash Attack,Alter Shield Bash Animation,Zonai,-,Spear,3,3,8,5,2000,-,-,-,Strong Zonaite Spear,"2,533","1,466","2,000",FALSE,FALSE,FALSE,ゾナニウムの槍,"ゾナニウムを素材とした ゾナウ族の槍
穂先にゾナウギアやゾナウ文明の素材を付けると
通常より攻撃力がわずかに上がる 特性を持つ",-,-,-,Weapon_Spear_101,-,Weapon_SpearSheath_101,435,004
Strong Zonaite Spear,,-,"A tough spear used by the Zonai. It is highly
durable. It resonates with attached Zonai
devices to increase some of its attack power.",Spear,Strong Zonaite Spear,-,Zonai Attack Power, Zonai Energy Efficiency, Blunt With Any Fusion,4,6,7 - 8,9 - 11,9 - 12,12 - 16,24,27 - 29,30 - 34,TRUE,25,TRUE,6,More Shield Surfing Friction,Expand Hitbox,Shield Bash Attack,Alter Shield Bash Animation,Zonai,-,Spear,4,5,8,5,2000,-,-,-,Mighty Zonaite Spear,"4,000","2,933","3,466",FALSE,FALSE,FALSE,ゾナニウムの強槍,"ゾナウ族が使っていた丈夫な槍 耐久力に優れ
ゾナウギアやゾナウ文明の素材を付けると 
通常より攻撃力が上がる 特性を持つ",-,-,-,Weapon_Spear_163,-,Weapon_SpearSheath_101,436,004
Mighty Zonaite Spear,,-,"A powerful Zonai spear made of zonaite.
It resonates with attached Zonai devices
to greatly increase its attack power.",Spear,Mighty Zonaite Spear,-,Zonai Attack Power, Zonai Energy Efficiency, Blunt With Any Fusion,6,8,9 - 10,11 - 13,11 - 14,14 - 18,27,30 - 32,33 - 37,TRUE,25,TRUE,8,More Shield Surfing Friction,Expand Hitbox,Shield Bash Attack,Alter Shield Bash Animation,Zonai,-,Spear,8,10,8,5,2000,-,-,30,-,-,"4,000","4,533",FALSE,FALSE,FALSE,ゾナニウムの剛槍,"ゾナニウムを素材とした ゾナウ族の強力な槍
穂先のゾナウギアやゾナウ文明の素材に共鳴し
通常より攻撃力が大きく上がる 特性を持つ",-,-,-,Weapon_Spear_164,-,Weapon_SpearSheath_101,437,004
Magic Staff,,-,"A long rod with a bit of magic, it's said to
have been wielded by an ancient magician
who awoke the latent power of gems.",Spear,Magic Staff,-,-,-,-,3,4,-,-,-,-,14,-,-,FALSE,25,TRUE,4,Blunt,More Shield Surfing Friction,Expand Hitbox,Shield Bash Attack,Alter Shield Bash Animation,-,Staff,-,-,2,5,2000,-,100,-,-,-,-,-,FALSE,FALSE,FALSE,魔法の長杖,"ほのかに魔力を帯びた長い杖
古代の魔術師が宝石の力を引き出すための
祭具として利用していたと言われる",-,-,-,Weapon_Spear_161,-,Weapon_SpearSheath_001,438,004
Gloom Spear,,-,"A spear whose ominous appearance strikes
fear into hearts. It is said to cost its bearer a
part of their soul because its gloom will
gradually wear down the body of its wielder.",Spear,-,-,Self Inflict Gloom,-,-,30,40,33 - 34,43 - 45,35 - 38,46 - 50,16,19 - 21,22 - 26,TRUE,10,TRUE,40,More Shield Surfing Friction,Expand Hitbox,Shield Bash Attack,Alter Shield Bash Animation,-,-,Spear,-,-,24,5,2000,-,-,-,-,-,"4,533","5,066",FALSE,TRUE,FALSE,瘴気の槍,"見ているだけで身がすくむ 恐ろしい雰囲気の槍
一薙ぎで魂を刈り取るとも言われており
この槍を持つ者は 徐々に身体が瘴気に蝕まれる",-,-,-,Weapon_Spear_166,-,Weapon_SpearSheath_166,439,004
Decayed Master Sword,,-,"The sword that seals the darkness. Its sacred
power has been diminished after being
ravaged by the gloom beneath Hyrule Castle.",Sword,-,-,-,-,-,1,-,-,-,-,-,4,-,-,FALSE,25,FALSE,-,-,-,-,-,-,-,Decayed Master Sword,-,-,40,1.6,1500,-,-,-,-,-,-,-,FALSE,TRUE,FALSE,朽ちたマスターソード,"聖なる力が宿る 退魔の剣
今は ハイラル城の地下で受けた瘴気で
刀身が朽ちてしまっている",-,-,-,Weapon_Sword_070_Broken,-,Weapon_Sheath_070_Broken,-,001